[
{
    "model": "sessions.session",
    "pk": "005d5wnx6i9ivx9hzezk83y3d3269dnf",
    "fields": {
        "session_data": "N2Y1MjkwODI1MjU2YTA5MjRjMWNkZWM0NjFiNDBhMmExNDgyNGU1MTp7ImNhcnQiOnt9fQ==",
        "expire_date": "2019-05-05T06:06:21.635Z"
    }
},
{
    "model": "sessions.session",
    "pk": "022o59rh4ot4i8g7q7oijrbu3667597q",
    "fields": {
        "session_data": "N2Y1MjkwODI1MjU2YTA5MjRjMWNkZWM0NjFiNDBhMmExNDgyNGU1MTp7ImNhcnQiOnt9fQ==",
        "expire_date": "2019-02-14T06:16:45.068Z"
    }
},
{
    "model": "sessions.session",
    "pk": "0n44poquqswzwx4zek13vvkyzxidj0jr",
    "fields": {
        "session_data": "ODMyY2Q4MWVhODBkNjc5NTEzZTY2YjljMWU5YTdkYmVjMTk4NjM2YTp7Il9hdXRoX3VzZXJfaWQiOiIxIiwiX2F1dGhfdXNlcl9iYWNrZW5kIjoiZGphbmdvLmNvbnRyaWIuYXV0aC5iYWNrZW5kcy5Nb2RlbEJhY2tlbmQiLCJfYXV0aF91c2VyX2hhc2giOiI3Zjc3MTQxMDcyYTQ1OWQ0YWYxNDYxYjg0OWMwMWFlMjIzYTRiMjVkIiwidXNlcm5hbWUiOiJhZG1pbiIsInBhc3N3b3JkIjoiYXdzeDEyMzQiLCJvcmdrZXkiOiJHNDlGTksiLCJjYXJ0Ijp7fX0=",
        "expire_date": "2019-04-30T17:08:46.996Z"
    }
},
{
    "model": "sessions.session",
    "pk": "0qbxciq63mbuwrpfjw529w9npanbs4f2",
    "fields": {
        "session_data": "NGRkNmEzMzZkZWEwMzVhY2E0NzBiNGYyZjQ3MjIyNDM2MmY2YzM5MDp7Il9hdXRoX3VzZXJfaGFzaCI6ImM5NzM4YjQzNWU4M2M0OTRmNDAyMDljNGNmYmE2MmIyNjRjMDVhNDEiLCJjYXJ0Ijp7fSwiX2F1dGhfdXNlcl9pZCI6IjEiLCJfYXV0aF91c2VyX2JhY2tlbmQiOiJkamFuZ28uY29udHJpYi5hdXRoLmJhY2tlbmRzLk1vZGVsQmFja2VuZCJ9",
        "expire_date": "2019-02-16T15:19:41.197Z"
    }
},
{
    "model": "sessions.session",
    "pk": "0sc150gou2wk80y290s9zqs45r1mu895",
    "fields": {
        "session_data": "MzI4ZTY1N2E4MDJlYmNkNmI0ZmViM2IxZDZiZjI4MGYxZGJkZjBlYzp7Il9hdXRoX3VzZXJfaWQiOiIxIiwiX2F1dGhfdXNlcl9iYWNrZW5kIjoiZGphbmdvLmNvbnRyaWIuYXV0aC5iYWNrZW5kcy5Nb2RlbEJhY2tlbmQiLCJfYXV0aF91c2VyX2hhc2giOiI3Zjc3MTQxMDcyYTQ1OWQ0YWYxNDYxYjg0OWMwMWFlMjIzYTRiMjVkIiwidXNlcm5hbWUiOiJhZG1pbiIsInBhc3N3b3JkIjoiYXdzeDEyMzQiLCJvcmdrZXkiOiI5U0JNVTciLCJjYXJ0Ijp7fX0=",
        "expire_date": "2019-04-30T17:28:01.466Z"
    }
},
{
    "model": "sessions.session",
    "pk": "12mqhd1g1k7kkqpjsrdt4b6xptzmrq3t",
    "fields": {
        "session_data": "MGIwNjMwYzk2NjU5MTQyMzY3ZjEwNDUxMjRhZjg0N2RiNmMxY2I1MDp7ImNhcnQiOnt9LCJfYXV0aF91c2VyX2lkIjoiMSIsIl9hdXRoX3VzZXJfYmFja2VuZCI6ImRqYW5nby5jb250cmliLmF1dGguYmFja2VuZHMuTW9kZWxCYWNrZW5kIiwiX2F1dGhfdXNlcl9oYXNoIjoiN2Y3NzE0MTA3MmE0NTlkNGFmMTQ2MWI4NDljMDFhZTIyM2E0YjI1ZCIsInVzZXJuYW1lIjoiYWRtaW4iLCJwYXNzd29yZCI6ImF3c3gxMjM0Iiwib3Jna2V5IjoiUllLWU9PIn0=",
        "expire_date": "2019-05-13T11:42:28.928Z"
    }
},
{
    "model": "sessions.session",
    "pk": "131na0muv7e7cl6b11wsbby9mqx42bta",
    "fields": {
        "session_data": "MGZkYjE1ZmVkNjg0ZGZmMGViMzM2Yzc5MDZmN2M4ODBkZTAwMWMyNzp7ImNhcnQiOnt9LCJfYXV0aF91c2VyX2lkIjoiNSIsIl9hdXRoX3VzZXJfYmFja2VuZCI6ImRqYW5nby5jb250cmliLmF1dGguYmFja2VuZHMuTW9kZWxCYWNrZW5kIiwiX2F1dGhfdXNlcl9oYXNoIjoiNDE1NDZkNjJlY2YzYjQ0ODdmMzhlOWQwNDFjYjRkMjZkYTRmM2ExNiIsInVzZXJuYW1lIjoidGVzdCIsInBhc3N3b3JkIjoiYXdzeDEyMzQiLCJvcmdrZXkiOiJUUDUyQzYifQ==",
        "expire_date": "2019-03-20T09:41:09.548Z"
    }
},
{
    "model": "sessions.session",
    "pk": "190muaazw6a30zk0lxmjnacljua4qlu1",
    "fields": {
        "session_data": "MmYxNjUxZGQ0NzNhY2I2Y2ZlYjE5YmZkMmYzZjU4NDgxMTg4NjBlZTp7Il9hdXRoX3VzZXJfaWQiOiIxIiwiX2F1dGhfdXNlcl9iYWNrZW5kIjoiZGphbmdvLmNvbnRyaWIuYXV0aC5iYWNrZW5kcy5Nb2RlbEJhY2tlbmQiLCJfYXV0aF91c2VyX2hhc2giOiIzODFhZjVlYzlkMjFhYWIzZjk0ZWM0NmE4MTBkYjU4NTBkZmY0NDgzIiwiY2FydCI6e319",
        "expire_date": "2019-02-18T17:56:36.779Z"
    }
},
{
    "model": "sessions.session",
    "pk": "2e7uq3bnqimaxpqp95o7kb5czgepmz30",
    "fields": {
        "session_data": "OWNlMzIxYzNmODliNDc3YWQxNzEyYTNhOThlZWI2ZmFkMmY5MDM2ZTp7Il9hdXRoX3VzZXJfYmFja2VuZCI6ImRqYW5nby5jb250cmliLmF1dGguYmFja2VuZHMuTW9kZWxCYWNrZW5kIiwiY2FydCI6e30sIl9hdXRoX3VzZXJfaGFzaCI6IjhkMzM0NGY2MDhlMmFlNjlmZDIxMTZiNDgzNzk1M2Q3NTBmZTJmZDkiLCJfYXV0aF91c2VyX2lkIjoiMTcifQ==",
        "expire_date": "2019-05-06T20:34:26.337Z"
    }
},
{
    "model": "sessions.session",
    "pk": "38oy7of9f8szhvgsvyp1zm6ce5utku5e",
    "fields": {
        "session_data": "YjQ4ZWFlNzc5Y2QzNTYxOTNiOGJhMWU4Nzk5N2M3ZmNmMzk0MWNjMjp7Il9hdXRoX3VzZXJfaWQiOiIzIiwiY2FydCI6e30sIl9hdXRoX3VzZXJfaGFzaCI6IjQ5YjE2NjU5YmYxMzI2ZGU3MGZmMTg2ZDEwMWI1MDQ0N2U1YjhhNmYiLCJfYXV0aF91c2VyX2JhY2tlbmQiOiJkamFuZ28uY29udHJpYi5hdXRoLmJhY2tlbmRzLk1vZGVsQmFja2VuZCJ9",
        "expire_date": "2019-02-17T16:07:37.209Z"
    }
},
{
    "model": "sessions.session",
    "pk": "42j1bnq7u5uy3u49m8u2miq9hjv2s5qy",
    "fields": {
        "session_data": "OGMzNTk0MDg2MzViODAzOTdjOGU3ODcwYjhlOTkxMTkxNzYzYzc4NDp7Il9hdXRoX3VzZXJfaWQiOiIxIiwiX2F1dGhfdXNlcl9oYXNoIjoiYzk3MzhiNDM1ZTgzYzQ5NGY0MDIwOWM0Y2ZiYTYyYjI2NGMwNWE0MSIsImNhcnQiOnt9LCJfYXV0aF91c2VyX2JhY2tlbmQiOiJkamFuZ28uY29udHJpYi5hdXRoLmJhY2tlbmRzLk1vZGVsQmFja2VuZCJ9",
        "expire_date": "2019-02-17T15:13:09.943Z"
    }
},
{
    "model": "sessions.session",
    "pk": "4u9pdlvswb7k09kj4evbe0cv2ehmn3oq",
    "fields": {
        "session_data": "N2Y1MjkwODI1MjU2YTA5MjRjMWNkZWM0NjFiNDBhMmExNDgyNGU1MTp7ImNhcnQiOnt9fQ==",
        "expire_date": "2019-03-24T20:26:08.943Z"
    }
},
{
    "model": "sessions.session",
    "pk": "5nc895yw0lf9797gk7mtvdw6xbncv7je",
    "fields": {
        "session_data": "ZDg2Y2QzMWZmZGVjZmZmZmYzMTdhZGFhYjQ0MzA2NDg4N2ZhOWUxMjp7ImNhcnQiOnt9LCJfYXV0aF91c2VyX2lkIjoiMSIsIl9hdXRoX3VzZXJfYmFja2VuZCI6ImRqYW5nby5jb250cmliLmF1dGguYmFja2VuZHMuTW9kZWxCYWNrZW5kIiwiX2F1dGhfdXNlcl9oYXNoIjoiN2Y3NzE0MTA3MmE0NTlkNGFmMTQ2MWI4NDljMDFhZTIyM2E0YjI1ZCIsInVzZXJuYW1lIjoiYWRtaW4iLCJwYXNzd29yZCI6ImF3c3gxMjM0Iiwib3Jna2V5IjoiMVpBUVBDIn0=",
        "expire_date": "2019-05-16T03:50:13.026Z"
    }
},
{
    "model": "sessions.session",
    "pk": "5nzv4qn4be6p2rlr9b8ylaus31nwzyst",
    "fields": {
        "session_data": "YTc5ZmI1ZTU4NDM2ZmUxMzljYzI0Mjk2ZDAyNTA3MzM4MWU3NTYzYjp7ImNhcnQiOnt9LCJ1c2VybmFtZSI6InNpbWJhIiwicGFzc3dvcmQiOiJhd3N4MTIzNCIsIm9yZ2tleSI6IjNQQzUzQyIsIl9hdXRoX3VzZXJfaWQiOiI0IiwiX2F1dGhfdXNlcl9iYWNrZW5kIjoiZGphbmdvLmNvbnRyaWIuYXV0aC5iYWNrZW5kcy5Nb2RlbEJhY2tlbmQiLCJfYXV0aF91c2VyX2hhc2giOiI3MmEyMTdiZTFlZGMwMGEwN2Y3YzE2NzRiM2IwYTI2YTMyOTk2ZTkxIn0=",
        "expire_date": "2019-03-18T16:12:21.303Z"
    }
},
{
    "model": "sessions.session",
    "pk": "61dsuvyrvxyed115m6xznzclb2sb1746",
    "fields": {
        "session_data": "N2Y1MjkwODI1MjU2YTA5MjRjMWNkZWM0NjFiNDBhMmExNDgyNGU1MTp7ImNhcnQiOnt9fQ==",
        "expire_date": "2019-02-15T04:20:30.969Z"
    }
},
{
    "model": "sessions.session",
    "pk": "687tully8c3v377te20v06kie2yf2ri8",
    "fields": {
        "session_data": "N2Y1MjkwODI1MjU2YTA5MjRjMWNkZWM0NjFiNDBhMmExNDgyNGU1MTp7ImNhcnQiOnt9fQ==",
        "expire_date": "2019-02-15T08:04:29.244Z"
    }
},
{
    "model": "sessions.session",
    "pk": "6exce06jg2ftq3lxemf1j6nsdb5rx8ox",
    "fields": {
        "session_data": "N2Y1MjkwODI1MjU2YTA5MjRjMWNkZWM0NjFiNDBhMmExNDgyNGU1MTp7ImNhcnQiOnt9fQ==",
        "expire_date": "2019-02-17T06:20:19.445Z"
    }
},
{
    "model": "sessions.session",
    "pk": "6xr96yylqi47k9anbbq9fnhr9d0q7mr3",
    "fields": {
        "session_data": "N2Y1MjkwODI1MjU2YTA5MjRjMWNkZWM0NjFiNDBhMmExNDgyNGU1MTp7ImNhcnQiOnt9fQ==",
        "expire_date": "2019-02-15T07:24:41.169Z"
    }
},
{
    "model": "sessions.session",
    "pk": "88ug8zuxyhoft4are2wvwja32nhjdafm",
    "fields": {
        "session_data": "N2Y1MjkwODI1MjU2YTA5MjRjMWNkZWM0NjFiNDBhMmExNDgyNGU1MTp7ImNhcnQiOnt9fQ==",
        "expire_date": "2019-02-14T23:59:12.411Z"
    }
},
{
    "model": "sessions.session",
    "pk": "965chl7zsek9f8yaa3dqac50793lw2mx",
    "fields": {
        "session_data": "N2Y1MjkwODI1MjU2YTA5MjRjMWNkZWM0NjFiNDBhMmExNDgyNGU1MTp7ImNhcnQiOnt9fQ==",
        "expire_date": "2019-02-14T00:52:18.663Z"
    }
},
{
    "model": "sessions.session",
    "pk": "9la2dj7s7wsou1514x95ddhfbu7g946i",
    "fields": {
        "session_data": "MmI4NTZmMmM1N2U1NTZlMjAyOThmNTUxNWEzNWNmZTRkMTAzNWNiYzp7ImNhcnQiOnt9LCJfYXV0aF91c2VyX2lkIjoiMSIsIl9hdXRoX3VzZXJfYmFja2VuZCI6ImRqYW5nby5jb250cmliLmF1dGguYmFja2VuZHMuTW9kZWxCYWNrZW5kIiwiX2F1dGhfdXNlcl9oYXNoIjoiN2Y3NzE0MTA3MmE0NTlkNGFmMTQ2MWI4NDljMDFhZTIyM2E0YjI1ZCIsInVzZXJuYW1lIjoiYWRtaW4iLCJwYXNzd29yZCI6ImF3c3gxMjM0Iiwib3JnX2tleSI6IlU5SjlaWSJ9",
        "expire_date": "2019-05-16T17:48:20.529Z"
    }
},
{
    "model": "sessions.session",
    "pk": "9nh3z9kuej2ocrdxqm2tvt3ykn80cwpg",
    "fields": {
        "session_data": "YWVhZGM5MWI5NjlmOTUxNjdmZTJhODZjZjVhYjhkODg5ZWJjZjEwZjp7ImNhcnQiOnt9LCJfYXV0aF91c2VyX2lkIjoiMjAiLCJfYXV0aF91c2VyX2JhY2tlbmQiOiJkamFuZ28uY29udHJpYi5hdXRoLmJhY2tlbmRzLk1vZGVsQmFja2VuZCIsIl9hdXRoX3VzZXJfaGFzaCI6ImU2MWY5NTFiODYwMDgwN2I2ZDQxMWEzNzAyMTA2Nzk1MWU5OTRlMmMiLCJ1c2VybmFtZSI6InN4ZyIsInBhc3N3b3JkIjoidzJxMVdAUSEiLCJvcmdfa2V5IjoiM0M3WU1YIn0=",
        "expire_date": "2019-05-17T17:16:04.615Z"
    }
},
{
    "model": "sessions.session",
    "pk": "ab14x4embbreowfmsio3ic4r9l1ymndg",
    "fields": {
        "session_data": "NjU3MjNiMDg2NjRlNTliN2NlNTQ2NjNiNjc5NmMyYTAyOTU1MjQ2Mjp7ImNhcnQiOnt9LCJfYXV0aF91c2VyX2lkIjoiMSIsIl9hdXRoX3VzZXJfYmFja2VuZCI6ImRqYW5nby5jb250cmliLmF1dGguYmFja2VuZHMuTW9kZWxCYWNrZW5kIiwiX2F1dGhfdXNlcl9oYXNoIjoiN2Y3NzE0MTA3MmE0NTlkNGFmMTQ2MWI4NDljMDFhZTIyM2E0YjI1ZCIsInVzZXJuYW1lIjoiYWRtaW4iLCJwYXNzd29yZCI6ImF3c3gxMjM0Iiwib3Jna2V5IjoiODU3WDg5In0=",
        "expire_date": "2019-05-17T18:48:53.723Z"
    }
},
{
    "model": "sessions.session",
    "pk": "aldxg5xus1oikgu69523i5n7t2ieva0o",
    "fields": {
        "session_data": "N2Y1MjkwODI1MjU2YTA5MjRjMWNkZWM0NjFiNDBhMmExNDgyNGU1MTp7ImNhcnQiOnt9fQ==",
        "expire_date": "2019-04-13T22:45:01.444Z"
    }
},
{
    "model": "sessions.session",
    "pk": "arrq0vgrqglpdeohkxdbfjdmgwxbg7sy",
    "fields": {
        "session_data": "N2Y1MjkwODI1MjU2YTA5MjRjMWNkZWM0NjFiNDBhMmExNDgyNGU1MTp7ImNhcnQiOnt9fQ==",
        "expire_date": "2019-05-08T10:51:26.771Z"
    }
},
{
    "model": "sessions.session",
    "pk": "aw7ksmthfhr8ph8gjwv6e9i9zoxub2rk",
    "fields": {
        "session_data": "ZmRmOTkwZTM2NDU5MjRiZmEyMDdlZjY4MjM4YTRmYTNmNzE3ZTlkMzp7InVzZXJuYW1lIjoiYWRtaW4iLCJjYXJ0Ijp7fSwib3Jna2V5IjoiSExaODgxIiwiX2F1dGhfdXNlcl9pZCI6IjEiLCJfYXV0aF91c2VyX2hhc2giOiI3MmEyMTdiZTFlZGMwMGEwN2Y3YzE2NzRiM2IwYTI2YTMyOTk2ZTkxIiwiX2F1dGhfdXNlcl9iYWNrZW5kIjoiZGphbmdvLmNvbnRyaWIuYXV0aC5iYWNrZW5kcy5Nb2RlbEJhY2tlbmQiLCJwYXNzd29yZCI6ImF3c3gxMjM0In0=",
        "expire_date": "2019-03-24T12:51:54.572Z"
    }
},
{
    "model": "sessions.session",
    "pk": "bluwkh502vpsrh2a2dryyb6xrymvxesl",
    "fields": {
        "session_data": "N2Y1MjkwODI1MjU2YTA5MjRjMWNkZWM0NjFiNDBhMmExNDgyNGU1MTp7ImNhcnQiOnt9fQ==",
        "expire_date": "2019-02-15T20:18:10.416Z"
    }
},
{
    "model": "sessions.session",
    "pk": "c79k6hg7uqaj83oap6wy1cb140cmg42i",
    "fields": {
        "session_data": "N2Y1MjkwODI1MjU2YTA5MjRjMWNkZWM0NjFiNDBhMmExNDgyNGU1MTp7ImNhcnQiOnt9fQ==",
        "expire_date": "2019-02-18T15:17:36.922Z"
    }
},
{
    "model": "sessions.session",
    "pk": "cc4m2adrscy6tzi4w5q72vy26mrjxqv0",
    "fields": {
        "session_data": "N2Y1MjkwODI1MjU2YTA5MjRjMWNkZWM0NjFiNDBhMmExNDgyNGU1MTp7ImNhcnQiOnt9fQ==",
        "expire_date": "2019-02-16T08:19:47.271Z"
    }
},
{
    "model": "sessions.session",
    "pk": "csj4v5bqi4g2pla33ziqn94qmvxnfdot",
    "fields": {
        "session_data": "ZTJiMGY1MDZhYzBkMjNiZDRiNDZmNjY4OGI4ZmFhZTA4OGZlYTA4YTp7Il9hdXRoX3VzZXJfaWQiOiIxOSIsImNhcnQiOnsiNiI6eyJwcmljZSI6IjMuMDAiLCJxdWFudGl0eSI6Mn19LCJfYXV0aF91c2VyX2hhc2giOiI0MmI5NDExMDkzMzA5NTU5NDRkMDliMTM2ZTQzM2IzZGRhYmNiMDA3IiwiX2F1dGhfdXNlcl9iYWNrZW5kIjoiZGphbmdvLmNvbnRyaWIuYXV0aC5iYWNrZW5kcy5Nb2RlbEJhY2tlbmQifQ==",
        "expire_date": "2019-05-11T18:36:15.202Z"
    }
},
{
    "model": "sessions.session",
    "pk": "df2og5xdz3vfcwiyw5e595nzx2yjbopx",
    "fields": {
        "session_data": "MTUxNTUxYTZmMzBhZTY4NjJjMjhmMjUwMWU4NmQyMTQxNDFjMWI3NDp7Il9hdXRoX3VzZXJfYmFja2VuZCI6ImRqYW5nby5jb250cmliLmF1dGguYmFja2VuZHMuTW9kZWxCYWNrZW5kIiwiY2FydCI6e30sIl9hdXRoX3VzZXJfaGFzaCI6ImM5NzM4YjQzNWU4M2M0OTRmNDAyMDljNGNmYmE2MmIyNjRjMDVhNDEiLCJfYXV0aF91c2VyX2lkIjoiMSJ9",
        "expire_date": "2019-02-14T18:20:43.353Z"
    }
},
{
    "model": "sessions.session",
    "pk": "dj9xske375wx2u5btcd7iv10fp8mzw7f",
    "fields": {
        "session_data": "OGMzNTk0MDg2MzViODAzOTdjOGU3ODcwYjhlOTkxMTkxNzYzYzc4NDp7Il9hdXRoX3VzZXJfaWQiOiIxIiwiX2F1dGhfdXNlcl9oYXNoIjoiYzk3MzhiNDM1ZTgzYzQ5NGY0MDIwOWM0Y2ZiYTYyYjI2NGMwNWE0MSIsImNhcnQiOnt9LCJfYXV0aF91c2VyX2JhY2tlbmQiOiJkamFuZ28uY29udHJpYi5hdXRoLmJhY2tlbmRzLk1vZGVsQmFja2VuZCJ9",
        "expire_date": "2019-02-16T23:07:03.772Z"
    }
},
{
    "model": "sessions.session",
    "pk": "dtqb21tto1rjqejl0cbkf1j6eoyctcf9",
    "fields": {
        "session_data": "N2Y1MjkwODI1MjU2YTA5MjRjMWNkZWM0NjFiNDBhMmExNDgyNGU1MTp7ImNhcnQiOnt9fQ==",
        "expire_date": "2019-04-04T15:11:39.752Z"
    }
},
{
    "model": "sessions.session",
    "pk": "e8q3cem4gevmbcrx28tbhks4e64osofj",
    "fields": {
        "session_data": "N2Y1MjkwODI1MjU2YTA5MjRjMWNkZWM0NjFiNDBhMmExNDgyNGU1MTp7ImNhcnQiOnt9fQ==",
        "expire_date": "2019-02-16T18:48:54.709Z"
    }
},
{
    "model": "sessions.session",
    "pk": "fjnv1n5capjx91bx5gzu5kwceswx9imm",
    "fields": {
        "session_data": "N2Y1MjkwODI1MjU2YTA5MjRjMWNkZWM0NjFiNDBhMmExNDgyNGU1MTp7ImNhcnQiOnt9fQ==",
        "expire_date": "2019-02-14T03:43:01.732Z"
    }
},
{
    "model": "sessions.session",
    "pk": "fpn2t50zhsfpsy43yu8f8w4qu9wrw2h3",
    "fields": {
        "session_data": "N2Y1MjkwODI1MjU2YTA5MjRjMWNkZWM0NjFiNDBhMmExNDgyNGU1MTp7ImNhcnQiOnt9fQ==",
        "expire_date": "2019-02-16T20:16:33.471Z"
    }
},
{
    "model": "sessions.session",
    "pk": "gdp1sm7yqzd8ijoel2ew74bgqk5q1w11",
    "fields": {
        "session_data": "N2Y1MjkwODI1MjU2YTA5MjRjMWNkZWM0NjFiNDBhMmExNDgyNGU1MTp7ImNhcnQiOnt9fQ==",
        "expire_date": "2019-05-05T05:56:44.719Z"
    }
},
{
    "model": "sessions.session",
    "pk": "go02yz2o3rx9pf90n5hd84xi0siuw5ms",
    "fields": {
        "session_data": "N2Y1MjkwODI1MjU2YTA5MjRjMWNkZWM0NjFiNDBhMmExNDgyNGU1MTp7ImNhcnQiOnt9fQ==",
        "expire_date": "2019-02-16T08:06:52.475Z"
    }
},
{
    "model": "sessions.session",
    "pk": "gqeui7cj972toaur7m23kpjh31xkqg6f",
    "fields": {
        "session_data": "N2Y1MjkwODI1MjU2YTA5MjRjMWNkZWM0NjFiNDBhMmExNDgyNGU1MTp7ImNhcnQiOnt9fQ==",
        "expire_date": "2019-02-13T23:46:26.117Z"
    }
},
{
    "model": "sessions.session",
    "pk": "gyvxghijx2qjsoqcom54crevim99gpwe",
    "fields": {
        "session_data": "MmYxNjUxZGQ0NzNhY2I2Y2ZlYjE5YmZkMmYzZjU4NDgxMTg4NjBlZTp7Il9hdXRoX3VzZXJfaWQiOiIxIiwiX2F1dGhfdXNlcl9iYWNrZW5kIjoiZGphbmdvLmNvbnRyaWIuYXV0aC5iYWNrZW5kcy5Nb2RlbEJhY2tlbmQiLCJfYXV0aF91c2VyX2hhc2giOiIzODFhZjVlYzlkMjFhYWIzZjk0ZWM0NmE4MTBkYjU4NTBkZmY0NDgzIiwiY2FydCI6e319",
        "expire_date": "2019-02-18T15:12:16.427Z"
    }
},
{
    "model": "sessions.session",
    "pk": "h87i7zsdqqyqbvylbd2gfuuwzqwqzuio",
    "fields": {
        "session_data": "N2Y1MjkwODI1MjU2YTA5MjRjMWNkZWM0NjFiNDBhMmExNDgyNGU1MTp7ImNhcnQiOnt9fQ==",
        "expire_date": "2019-02-13T13:47:12.909Z"
    }
},
{
    "model": "sessions.session",
    "pk": "htiwz2tzqgqfsy8ib9ftl4jbe1m2194i",
    "fields": {
        "session_data": "N2Y1MjkwODI1MjU2YTA5MjRjMWNkZWM0NjFiNDBhMmExNDgyNGU1MTp7ImNhcnQiOnt9fQ==",
        "expire_date": "2019-02-16T06:35:39.963Z"
    }
},
{
    "model": "sessions.session",
    "pk": "ic4f8sdia6zjxnj5f2by4f4u8kkub0cs",
    "fields": {
        "session_data": "N2Y1MjkwODI1MjU2YTA5MjRjMWNkZWM0NjFiNDBhMmExNDgyNGU1MTp7ImNhcnQiOnt9fQ==",
        "expire_date": "2019-02-17T01:36:18.936Z"
    }
},
{
    "model": "sessions.session",
    "pk": "icnh0kveybulvwq2gu55y5euntv3w34n",
    "fields": {
        "session_data": "NzI4Y2IxODk3Y2FlNGI4NGE0YThkYjA4NTA2NTM4ZTE0MTQ3ZDJlMjp7Il9hdXRoX3VzZXJfYmFja2VuZCI6ImRqYW5nby5jb250cmliLmF1dGguYmFja2VuZHMuTW9kZWxCYWNrZW5kIiwiY2FydCI6e30sIl9hdXRoX3VzZXJfaGFzaCI6IjU3MzViNGU0MGI4ZjM5MGNkYzFmZGU1ZGYxZDRiOTcwMWM0OGE4YjUiLCJfYXV0aF91c2VyX2lkIjoiMiJ9",
        "expire_date": "2019-02-14T17:34:28.139Z"
    }
},
{
    "model": "sessions.session",
    "pk": "ifhduhienh056gkpinaj8twfgwkjctb6",
    "fields": {
        "session_data": "MjdmNmEyYjYyM2EyNmY3Nzc5Mzc3NTU0ODQyZmIyMzM4MGM3MDc5YTp7Il9hdXRoX3VzZXJfYmFja2VuZCI6ImRqYW5nby5jb250cmliLmF1dGguYmFja2VuZHMuTW9kZWxCYWNrZW5kIiwiX2F1dGhfdXNlcl9oYXNoIjoiNzJhMjE3YmUxZWRjMDBhMDdmN2MxNjc0YjNiMGEyNmEzMjk5NmU5MSIsInVzZXJuYW1lIjoiYWRtaW4iLCJfYXV0aF91c2VyX2lkIjoiMSIsImNhcnQiOnt9LCJvcmdrZXkiOiI1VFU4SksiLCJwYXNzd29yZCI6ImF3c3gxMjM0In0=",
        "expire_date": "2019-03-25T09:53:24.360Z"
    }
},
{
    "model": "sessions.session",
    "pk": "ifnd19ew3sv5pxermy4pnhjt70hna1bh",
    "fields": {
        "session_data": "NDRjOGMxN2Q3ZmVmNzA2MTcyOWJjYzg4MTFkYTNlY2I4ZWJlMzE0YTp7Il9hdXRoX3VzZXJfYmFja2VuZCI6ImRqYW5nby5jb250cmliLmF1dGguYmFja2VuZHMuTW9kZWxCYWNrZW5kIiwiX2F1dGhfdXNlcl9oYXNoIjoiMzgxYWY1ZWM5ZDIxYWFiM2Y5NGVjNDZhODEwZGI1ODUwZGZmNDQ4MyIsIl9hdXRoX3VzZXJfaWQiOiIxIiwiY2FydCI6e319",
        "expire_date": "2019-02-17T18:31:34.918Z"
    }
},
{
    "model": "sessions.session",
    "pk": "j2m0rs4ur4k9k94ztcmdtexkzmrffyam",
    "fields": {
        "session_data": "N2Y1MjkwODI1MjU2YTA5MjRjMWNkZWM0NjFiNDBhMmExNDgyNGU1MTp7ImNhcnQiOnt9fQ==",
        "expire_date": "2019-02-17T00:11:39.391Z"
    }
},
{
    "model": "sessions.session",
    "pk": "jmi1by24i6gkln55gd97krrbiybo2cgz",
    "fields": {
        "session_data": "N2Y1MjkwODI1MjU2YTA5MjRjMWNkZWM0NjFiNDBhMmExNDgyNGU1MTp7ImNhcnQiOnt9fQ==",
        "expire_date": "2019-02-13T20:16:36.639Z"
    }
},
{
    "model": "sessions.session",
    "pk": "jn5ytw8qbea8elous3szddaj0bm4kmmy",
    "fields": {
        "session_data": "NGZlYTk0NWQ3N2MzMmI5ZmI5ZjM3MWNiY2QyMThmZGZhYWU1ZjY3Yzp7Il9hdXRoX3VzZXJfaWQiOiIxIiwiX2F1dGhfdXNlcl9iYWNrZW5kIjoiZGphbmdvLmNvbnRyaWIuYXV0aC5iYWNrZW5kcy5Nb2RlbEJhY2tlbmQiLCJfYXV0aF91c2VyX2hhc2giOiI3MmEyMTdiZTFlZGMwMGEwN2Y3YzE2NzRiM2IwYTI2YTMyOTk2ZTkxIiwiY2FydCI6e319",
        "expire_date": "2019-03-15T19:41:33.039Z"
    }
},
{
    "model": "sessions.session",
    "pk": "jt6374liwporu5hp54ht2d2azgym55wb",
    "fields": {
        "session_data": "NmNlNGE2NzU3MzdmM2EyNmVmOGE5NDk1MWZkNDcxOWFlMzQ1YzA0ODp7Il9hdXRoX3VzZXJfYmFja2VuZCI6ImRqYW5nby5jb250cmliLmF1dGguYmFja2VuZHMuTW9kZWxCYWNrZW5kIiwiY2FydCI6e30sIl9hdXRoX3VzZXJfaGFzaCI6IjM4MWFmNWVjOWQyMWFhYjNmOTRlYzQ2YTgxMGRiNTg1MGRmZjQ0ODMiLCJfYXV0aF91c2VyX2lkIjoiMSJ9",
        "expire_date": "2019-02-24T08:38:06.949Z"
    }
},
{
    "model": "sessions.session",
    "pk": "jtj74zslw9hy5ov8pshrzurws6rn48yh",
    "fields": {
        "session_data": "N2Y1MjkwODI1MjU2YTA5MjRjMWNkZWM0NjFiNDBhMmExNDgyNGU1MTp7ImNhcnQiOnt9fQ==",
        "expire_date": "2019-02-14T15:20:52.899Z"
    }
},
{
    "model": "sessions.session",
    "pk": "jwofw0mn4r7o1abz0m708co4diu2fa08",
    "fields": {
        "session_data": "MzY4ZDkyNDQ1MDBiNGVhNzM4OWE2MDk1YjllYzJhYjRhYjFiYjIyZDp7ImNhcnQiOnt9LCJfYXV0aF91c2VyX2lkIjoiNCIsIl9hdXRoX3VzZXJfYmFja2VuZCI6ImRqYW5nby5jb250cmliLmF1dGguYmFja2VuZHMuTW9kZWxCYWNrZW5kIiwiX2F1dGhfdXNlcl9oYXNoIjoiNzJhMjE3YmUxZWRjMDBhMDdmN2MxNjc0YjNiMGEyNmEzMjk5NmU5MSJ9",
        "expire_date": "2019-03-11T03:01:46.720Z"
    }
},
{
    "model": "sessions.session",
    "pk": "kncpzmc82le7hh7c69d3k1bspvbopwem",
    "fields": {
        "session_data": "YTQ1M2YyNzRlZTRlNjdiYTE5MmQzNmVjYWZhNThiOGRhMDYwZmZlZDp7InBhc3N3b3JkIjoiYXdzeDEyMzQiLCJfYXV0aF91c2VyX2JhY2tlbmQiOiJkamFuZ28uY29udHJpYi5hdXRoLmJhY2tlbmRzLk1vZGVsQmFja2VuZCIsInVzZXJuYW1lIjoiYWRtaW4iLCJfYXV0aF91c2VyX2lkIjoiMSIsImNhcnQiOnt9LCJvcmdrZXkiOiJUMTNWTlQiLCJfYXV0aF91c2VyX2hhc2giOiI3Zjc3MTQxMDcyYTQ1OWQ0YWYxNDYxYjg0OWMwMWFlMjIzYTRiMjVkIn0=",
        "expire_date": "2019-05-10T15:07:00.935Z"
    }
},
{
    "model": "sessions.session",
    "pk": "kwfr93tn5g18andw7e75v7xw19bm8shp",
    "fields": {
        "session_data": "ZWQwOTNkYjE3MWVhYTUzZjA4NDhiMmFhMWRjNGU5MDUwN2QyZWI0Yjp7Il9hdXRoX3VzZXJfYmFja2VuZCI6ImRqYW5nby5jb250cmliLmF1dGguYmFja2VuZHMuTW9kZWxCYWNrZW5kIiwib3Jna2V5IjoiWEJNWlk4IiwidXNlcm5hbWUiOiJ3YXluZTQ5ODkiLCJfYXV0aF91c2VyX2lkIjoiMTciLCJwYXNzd29yZCI6ImRuZmxnbWxha2Q4ODgiLCJjYXJ0Ijp7fSwiX2F1dGhfdXNlcl9oYXNoIjoiOGQzMzQ0ZjYwOGUyYWU2OWZkMjExNmI0ODM3OTUzZDc1MGZlMmZkOSJ9",
        "expire_date": "2019-05-08T08:42:02.687Z"
    }
},
{
    "model": "sessions.session",
    "pk": "l3sfmeo9v8c4o4d4shcizfjff9hpe6ft",
    "fields": {
        "session_data": "NzE0NmJkOWE0YTFkNzE3OTk5NjllZGJjMjVkN2M1YzYxOGY0MWFmYTp7Il9hdXRoX3VzZXJfaGFzaCI6IjU3MzViNGU0MGI4ZjM5MGNkYzFmZGU1ZGYxZDRiOTcwMWM0OGE4YjUiLCJfYXV0aF91c2VyX2lkIjoiMiIsImNhcnQiOnt9LCJfYXV0aF91c2VyX2JhY2tlbmQiOiJkamFuZ28uY29udHJpYi5hdXRoLmJhY2tlbmRzLk1vZGVsQmFja2VuZCJ9",
        "expire_date": "2019-02-16T13:47:33.218Z"
    }
},
{
    "model": "sessions.session",
    "pk": "maumq4rktun00n1gpgo44glca5ie0ask",
    "fields": {
        "session_data": "MmFhNWFhOTExOGY5ZTZkOWUwZjk4MGIwMzVkOTBmNjZjZGYwNzc4Mjp7Il9hdXRoX3VzZXJfaWQiOiIyIiwiY2FydCI6e30sIl9hdXRoX3VzZXJfYmFja2VuZCI6ImRqYW5nby5jb250cmliLmF1dGguYmFja2VuZHMuTW9kZWxCYWNrZW5kIiwiX2F1dGhfdXNlcl9oYXNoIjoiNTczNWI0ZTQwYjhmMzkwY2RjMWZkZTVkZjFkNGI5NzAxYzQ4YThiNSJ9",
        "expire_date": "2019-02-15T18:20:35.630Z"
    }
},
{
    "model": "sessions.session",
    "pk": "no4xqxclu3gogxs08g7eslgk2nze0r24",
    "fields": {
        "session_data": "N2Y1MjkwODI1MjU2YTA5MjRjMWNkZWM0NjFiNDBhMmExNDgyNGU1MTp7ImNhcnQiOnt9fQ==",
        "expire_date": "2019-05-05T09:15:54.959Z"
    }
},
{
    "model": "sessions.session",
    "pk": "ns2x5h2104xltge6qyjdn2l27cgpsx0c",
    "fields": {
        "session_data": "N2Y1MjkwODI1MjU2YTA5MjRjMWNkZWM0NjFiNDBhMmExNDgyNGU1MTp7ImNhcnQiOnt9fQ==",
        "expire_date": "2019-02-17T08:17:37.193Z"
    }
},
{
    "model": "sessions.session",
    "pk": "nv63zy15f5y11tt708umkoux59frn0ad",
    "fields": {
        "session_data": "N2Y1MjkwODI1MjU2YTA5MjRjMWNkZWM0NjFiNDBhMmExNDgyNGU1MTp7ImNhcnQiOnt9fQ==",
        "expire_date": "2019-04-07T15:45:48.112Z"
    }
},
{
    "model": "sessions.session",
    "pk": "o2cpsy9xkvgv0gjm5z4czulff0fwik83",
    "fields": {
        "session_data": "N2Y1MjkwODI1MjU2YTA5MjRjMWNkZWM0NjFiNDBhMmExNDgyNGU1MTp7ImNhcnQiOnt9fQ==",
        "expire_date": "2019-04-13T22:40:09.487Z"
    }
},
{
    "model": "sessions.session",
    "pk": "o6waa75lf5r0xubyk63kz4rn88ewdar1",
    "fields": {
        "session_data": "ODliMDY1OGQxOWJkYzE4Y2VkMDNhNmY4NjcxNDhlYWZhYTBkYjRkMzp7InVzZXJuYW1lIjoiYWRtaW4iLCJjYXJ0Ijp7IjIiOnsicXVhbnRpdHkiOjEsInByaWNlIjoiMjUwMC4wMCJ9fSwib3Jna2V5IjoiT0JGV0FNIiwiX2F1dGhfdXNlcl9pZCI6IjEiLCJfYXV0aF91c2VyX2hhc2giOiI3MmEyMTdiZTFlZGMwMGEwN2Y3YzE2NzRiM2IwYTI2YTMyOTk2ZTkxIiwiX2F1dGhfdXNlcl9iYWNrZW5kIjoiZGphbmdvLmNvbnRyaWIuYXV0aC5iYWNrZW5kcy5Nb2RlbEJhY2tlbmQiLCJwYXNzd29yZCI6ImF3c3gxMjM0In0=",
        "expire_date": "2019-03-24T12:42:39.356Z"
    }
},
{
    "model": "sessions.session",
    "pk": "ozbh2lr7w14rdh8aeteas1q9gbjrw4m5",
    "fields": {
        "session_data": "N2Y1MjkwODI1MjU2YTA5MjRjMWNkZWM0NjFiNDBhMmExNDgyNGU1MTp7ImNhcnQiOnt9fQ==",
        "expire_date": "2019-02-15T08:18:05.076Z"
    }
},
{
    "model": "sessions.session",
    "pk": "pffe8l2siyfym4qce9gp2hzej6059cz9",
    "fields": {
        "session_data": "ZTRiMWYxZmI4ZTNmOWYxMjRjYzRlZTVlZWI1N2QyNGRiMDYxOTM1YTp7Il9hdXRoX3VzZXJfaWQiOiIxIiwiX2F1dGhfdXNlcl9iYWNrZW5kIjoiZGphbmdvLmNvbnRyaWIuYXV0aC5iYWNrZW5kcy5Nb2RlbEJhY2tlbmQiLCJfYXV0aF91c2VyX2hhc2giOiI3Zjc3MTQxMDcyYTQ1OWQ0YWYxNDYxYjg0OWMwMWFlMjIzYTRiMjVkIiwiY2FydCI6e319",
        "expire_date": "2019-05-04T00:03:49.377Z"
    }
},
{
    "model": "sessions.session",
    "pk": "pjwfkm2a6qgcdt9j912whxz0xfjciety",
    "fields": {
        "session_data": "N2Y1MjkwODI1MjU2YTA5MjRjMWNkZWM0NjFiNDBhMmExNDgyNGU1MTp7ImNhcnQiOnt9fQ==",
        "expire_date": "2019-05-05T06:06:20.377Z"
    }
},
{
    "model": "sessions.session",
    "pk": "r039wsuadx0a1kbr2c49rgo5b4t3kswy",
    "fields": {
        "session_data": "N2Y1MjkwODI1MjU2YTA5MjRjMWNkZWM0NjFiNDBhMmExNDgyNGU1MTp7ImNhcnQiOnt9fQ==",
        "expire_date": "2019-02-19T18:42:07.558Z"
    }
},
{
    "model": "sessions.session",
    "pk": "s0pqyuqgfmm1vd8fjbaayshz9t93qcx5",
    "fields": {
        "session_data": "YjE3MGQ4ZGU1YTg1Njg4YWQyZWUwOTA0ODU5MjliNWUxMzE2YjA5Nzp7ImNhcnQiOnt9LCJfYXV0aF91c2VyX2lkIjoiNCIsIl9hdXRoX3VzZXJfYmFja2VuZCI6ImRqYW5nby5jb250cmliLmF1dGguYmFja2VuZHMuTW9kZWxCYWNrZW5kIiwiX2F1dGhfdXNlcl9oYXNoIjoiNzJhMjE3YmUxZWRjMDBhMDdmN2MxNjc0YjNiMGEyNmEzMjk5NmU5MSIsInVzZXJuYW1lIjoic2ltYmEiLCJwYXNzd29yZCI6ImF3c3gxMjM0Iiwib3Jna2V5IjoiR0Y2WUY3In0=",
        "expire_date": "2019-03-20T01:56:33.947Z"
    }
},
{
    "model": "sessions.session",
    "pk": "s668iq8dsg9mcq8eh4z5mboqigvdtshg",
    "fields": {
        "session_data": "N2Y1MjkwODI1MjU2YTA5MjRjMWNkZWM0NjFiNDBhMmExNDgyNGU1MTp7ImNhcnQiOnt9fQ==",
        "expire_date": "2019-02-15T23:34:28.984Z"
    }
},
{
    "model": "sessions.session",
    "pk": "so06xnmnspxjossq9dz2ov66o85oxvpi",
    "fields": {
        "session_data": "NTNhZTZiMTI3NzgxZTI4NGExNGYxYWZiNjhlM2UyMTdmMTU3OTZmNzp7ImNhcnQiOnt9LCJfYXV0aF91c2VyX2lkIjoiMSIsIl9hdXRoX3VzZXJfYmFja2VuZCI6ImRqYW5nby5jb250cmliLmF1dGguYmFja2VuZHMuTW9kZWxCYWNrZW5kIiwiX2F1dGhfdXNlcl9oYXNoIjoiYzk3MzhiNDM1ZTgzYzQ5NGY0MDIwOWM0Y2ZiYTYyYjI2NGMwNWE0MSJ9",
        "expire_date": "2019-02-12T21:42:05.761Z"
    }
},
{
    "model": "sessions.session",
    "pk": "sqxf6hpunl2y07ni5sxq7n1v174fx4of",
    "fields": {
        "session_data": "MmI4YjBhOWM4MGZlZDNjYzJlYTZhZGIwOTAyMjA0ZDEzNjA4MjliYjp7ImNhcnQiOnt9LCJfYXV0aF91c2VyX2lkIjoiMSIsIl9hdXRoX3VzZXJfYmFja2VuZCI6ImRqYW5nby5jb250cmliLmF1dGguYmFja2VuZHMuTW9kZWxCYWNrZW5kIiwiX2F1dGhfdXNlcl9oYXNoIjoiNzJhMjE3YmUxZWRjMDBhMDdmN2MxNjc0YjNiMGEyNmEzMjk5NmU5MSJ9",
        "expire_date": "2019-04-06T12:27:04.390Z"
    }
},
{
    "model": "sessions.session",
    "pk": "uagqq0qobdjkpve2fk2dlh1liu5zh0di",
    "fields": {
        "session_data": "MTJmZTA2NWZjOGFhZTM2YWQ3MWQ1OGQ0Nzc0YTM2Njg5OWNiNjIwNDp7ImNhcnQiOnsiMiI6eyJxdWFudGl0eSI6MSwicHJpY2UiOiIyNTAwLjAwIn19LCJfYXV0aF91c2VyX2lkIjoiNyIsIl9hdXRoX3VzZXJfYmFja2VuZCI6ImRqYW5nby5jb250cmliLmF1dGguYmFja2VuZHMuTW9kZWxCYWNrZW5kIiwiX2F1dGhfdXNlcl9oYXNoIjoiNDg4ZGMwNTIzYzI1YTM0MzcxMGIyNDlhN2U3NWU5NGMxOGUxZjhlMSJ9",
        "expire_date": "2019-03-31T21:26:55.373Z"
    }
},
{
    "model": "sessions.session",
    "pk": "udt761shltwxu81h8i84f5hfpttwcs6w",
    "fields": {
        "session_data": "N2Y1MjkwODI1MjU2YTA5MjRjMWNkZWM0NjFiNDBhMmExNDgyNGU1MTp7ImNhcnQiOnt9fQ==",
        "expire_date": "2019-05-05T05:57:29.112Z"
    }
},
{
    "model": "sessions.session",
    "pk": "v6key9ye6siks544uik3bo4ydeae3mcd",
    "fields": {
        "session_data": "N2Y1MjkwODI1MjU2YTA5MjRjMWNkZWM0NjFiNDBhMmExNDgyNGU1MTp7ImNhcnQiOnt9fQ==",
        "expire_date": "2019-02-14T20:16:05.475Z"
    }
},
{
    "model": "sessions.session",
    "pk": "vtstj9akoxedbigqsj9bi8bfleoe668b",
    "fields": {
        "session_data": "OTZjYzc2ZTFhYjVhMWNmYzVhZGFlNmJjNmRhNTdkZTkzN2Y4NTcwMzp7Il9hdXRoX3VzZXJfaWQiOiIxIiwiY2FydCI6e30sIl9hdXRoX3VzZXJfaGFzaCI6ImM5NzM4YjQzNWU4M2M0OTRmNDAyMDljNGNmYmE2MmIyNjRjMDVhNDEiLCJfYXV0aF91c2VyX2JhY2tlbmQiOiJkamFuZ28uY29udHJpYi5hdXRoLmJhY2tlbmRzLk1vZGVsQmFja2VuZCJ9",
        "expire_date": "2019-02-16T19:30:28.954Z"
    }
},
{
    "model": "sessions.session",
    "pk": "vucraa9w49tqnuf5v9p274il7x0x6898",
    "fields": {
        "session_data": "ODNiYzEyMjY0MDM3ZDNkZWVjODk1ZmU1NDExOWE4NWM1NzFkMjJiNzp7InVzZXJuYW1lIjoic2ltYmEiLCJwYXNzd29yZCI6ImF3c3gxMjM0Iiwib3Jna2V5IjoiN1NTUTVQIiwiX2F1dGhfdXNlcl9pZCI6IjEiLCJfYXV0aF91c2VyX2JhY2tlbmQiOiJkamFuZ28uY29udHJpYi5hdXRoLmJhY2tlbmRzLk1vZGVsQmFja2VuZCIsIl9hdXRoX3VzZXJfaGFzaCI6IjcyYTIxN2JlMWVkYzAwYTA3ZjdjMTY3NGIzYjBhMjZhMzI5OTZlOTEiLCJjYXJ0Ijp7fX0=",
        "expire_date": "2019-03-21T04:41:00.025Z"
    }
},
{
    "model": "sessions.session",
    "pk": "w90krmkfpndnvukq5zj1j1t5l5y2ofqt",
    "fields": {
        "session_data": "N2Y1MjkwODI1MjU2YTA5MjRjMWNkZWM0NjFiNDBhMmExNDgyNGU1MTp7ImNhcnQiOnt9fQ==",
        "expire_date": "2019-04-15T17:50:30.895Z"
    }
},
{
    "model": "sessions.session",
    "pk": "wwko81p4n4xnpbdzl12j8lgc8eix5prz",
    "fields": {
        "session_data": "NzMyMWYzNTcwMGYyOTgwMWU2ZGFkZTE2NjA2YWIzZmJiYTJlNzRlOTp7ImNhcnQiOnt9LCJfYXV0aF91c2VyX2JhY2tlbmQiOiJkamFuZ28uY29udHJpYi5hdXRoLmJhY2tlbmRzLk1vZGVsQmFja2VuZCIsIl9hdXRoX3VzZXJfaWQiOiIxIiwiX2F1dGhfdXNlcl9oYXNoIjoiYzk3MzhiNDM1ZTgzYzQ5NGY0MDIwOWM0Y2ZiYTYyYjI2NGMwNWE0MSJ9",
        "expire_date": "2019-02-13T11:52:33.570Z"
    }
},
{
    "model": "sessions.session",
    "pk": "xbb92r81z1kbndcy4l12ephgpkpgp8oa",
    "fields": {
        "session_data": "N2Y1MjkwODI1MjU2YTA5MjRjMWNkZWM0NjFiNDBhMmExNDgyNGU1MTp7ImNhcnQiOnt9fQ==",
        "expire_date": "2019-05-13T09:47:26.775Z"
    }
},
{
    "model": "sessions.session",
    "pk": "xp7pbjmgdy39ttw7m7y9ergtwqy3gkfg",
    "fields": {
        "session_data": "NDRjOGMxN2Q3ZmVmNzA2MTcyOWJjYzg4MTFkYTNlY2I4ZWJlMzE0YTp7Il9hdXRoX3VzZXJfYmFja2VuZCI6ImRqYW5nby5jb250cmliLmF1dGguYmFja2VuZHMuTW9kZWxCYWNrZW5kIiwiX2F1dGhfdXNlcl9oYXNoIjoiMzgxYWY1ZWM5ZDIxYWFiM2Y5NGVjNDZhODEwZGI1ODUwZGZmNDQ4MyIsIl9hdXRoX3VzZXJfaWQiOiIxIiwiY2FydCI6e319",
        "expire_date": "2019-02-18T12:42:24.362Z"
    }
},
{
    "model": "sessions.session",
    "pk": "yl0is51sw036lr9u05v20xrlt9pjs2sz",
    "fields": {
        "session_data": "N2Y1MjkwODI1MjU2YTA5MjRjMWNkZWM0NjFiNDBhMmExNDgyNGU1MTp7ImNhcnQiOnt9fQ==",
        "expire_date": "2019-02-14T08:16:27.008Z"
    }
},
{
    "model": "sessions.session",
    "pk": "zr69tq4wr25gsj4gvcpwpuwhh354g7cy",
    "fields": {
        "session_data": "OTQ4NGI1Yjc2YmE1ZjhiMmE1YWM4MmQ0MDQ5MTAyNjAyOGU5ZjU2Mjp7ImNhcnQiOnt9LCJfYXV0aF91c2VyX2lkIjoiMTYiLCJfYXV0aF91c2VyX2JhY2tlbmQiOiJkamFuZ28uY29udHJpYi5hdXRoLmJhY2tlbmRzLk1vZGVsQmFja2VuZCIsIl9hdXRoX3VzZXJfaGFzaCI6ImVjM2NmYzQ5YjNkZGMyYzU1YmE4MjlkZjI4NWVjMGQ2ODk0NDk3MjEifQ==",
        "expire_date": "2019-05-05T15:11:35.805Z"
    }
},
{
    "model": "django_celery_results.taskresult",
    "pk": 1,
    "fields": {
        "task_id": "12",
        "task_name": "Test",
        "task_args": "12",
        "task_kwargs": "23",
        "status": "PENDING",
        "content_type": "1",
        "content_encoding": "32",
        "result": null,
        "date_done": "2019-04-21T06:03:21.291Z",
        "traceback": "",
        "hidden": false,
        "meta": null
    }
},
{
    "model": "captcha.captchastore",
    "pk": 552,
    "fields": {
        "challenge": "HPUN",
        "response": "hpun",
        "hashkey": "68b30d47ef7d5fd2a44447fbf821bdb66fcd318f",
        "expiration": "2019-05-02T17:52:01.716Z"
    }
},
{
    "model": "star_ratings.rating",
    "pk": 24,
    "fields": {
        "count": 1,
        "total": 5,
        "average": "5.000",
        "content_type": [
            "main",
            "product"
        ],
        "object_id": 6
    }
},
{
    "model": "star_ratings.rating",
    "pk": 25,
    "fields": {
        "count": 1,
        "total": 3,
        "average": "3.000",
        "content_type": [
            "main",
            "product"
        ],
        "object_id": 5
    }
},
{
    "model": "star_ratings.rating",
    "pk": 26,
    "fields": {
        "count": 0,
        "total": 0,
        "average": "0.000",
        "content_type": [
            "main",
            "product"
        ],
        "object_id": 15
    }
},
{
    "model": "star_ratings.rating",
    "pk": 27,
    "fields": {
        "count": 0,
        "total": 0,
        "average": "0.000",
        "content_type": [
            "main",
            "product"
        ],
        "object_id": 12
    }
},
{
    "model": "star_ratings.rating",
    "pk": 28,
    "fields": {
        "count": 0,
        "total": 0,
        "average": "0.000",
        "content_type": [
            "main",
            "product"
        ],
        "object_id": 19
    }
},
{
    "model": "star_ratings.rating",
    "pk": 29,
    "fields": {
        "count": 0,
        "total": 0,
        "average": "0.000",
        "content_type": [
            "main",
            "product"
        ],
        "object_id": 11
    }
},
{
    "model": "star_ratings.rating",
    "pk": 30,
    "fields": {
        "count": 0,
        "total": 0,
        "average": "0.000",
        "content_type": [
            "main",
            "product"
        ],
        "object_id": 3
    }
},
{
    "model": "star_ratings.rating",
    "pk": 31,
    "fields": {
        "count": 0,
        "total": 0,
        "average": "0.000",
        "content_type": [
            "main",
            "product"
        ],
        "object_id": 10
    }
},
{
    "model": "star_ratings.rating",
    "pk": 32,
    "fields": {
        "count": 0,
        "total": 0,
        "average": "0.000",
        "content_type": [
            "main",
            "product"
        ],
        "object_id": 2
    }
},
{
    "model": "star_ratings.rating",
    "pk": 33,
    "fields": {
        "count": 0,
        "total": 0,
        "average": "0.000",
        "content_type": [
            "main",
            "product"
        ],
        "object_id": 4
    }
},
{
    "model": "star_ratings.rating",
    "pk": 34,
    "fields": {
        "count": 0,
        "total": 0,
        "average": "0.000",
        "content_type": [
            "orders",
            "order"
        ],
        "object_id": 52
    }
},
{
    "model": "star_ratings.rating",
    "pk": 35,
    "fields": {
        "count": 1,
        "total": 3,
        "average": "3.000",
        "content_type": [
            "orders",
            "orderitem"
        ],
        "object_id": 67
    }
},
{
    "model": "star_ratings.rating",
    "pk": 36,
    "fields": {
        "count": 0,
        "total": 0,
        "average": "0.000",
        "content_type": [
            "orders",
            "orderitem"
        ],
        "object_id": 1
    }
},
{
    "model": "star_ratings.rating",
    "pk": 37,
    "fields": {
        "count": 0,
        "total": 0,
        "average": "0.000",
        "content_type": [
            "orders",
            "orderitem"
        ],
        "object_id": 2
    }
},
{
    "model": "star_ratings.rating",
    "pk": 38,
    "fields": {
        "count": 0,
        "total": 0,
        "average": "0.000",
        "content_type": [
            "orders",
            "orderitem"
        ],
        "object_id": 3
    }
},
{
    "model": "star_ratings.rating",
    "pk": 39,
    "fields": {
        "count": 0,
        "total": 0,
        "average": "0.000",
        "content_type": [
            "orders",
            "orderitem"
        ],
        "object_id": 4
    }
},
{
    "model": "star_ratings.rating",
    "pk": 40,
    "fields": {
        "count": 0,
        "total": 0,
        "average": "0.000",
        "content_type": [
            "orders",
            "orderitem"
        ],
        "object_id": 5
    }
},
{
    "model": "star_ratings.rating",
    "pk": 41,
    "fields": {
        "count": 0,
        "total": 0,
        "average": "0.000",
        "content_type": [
            "orders",
            "orderitem"
        ],
        "object_id": 6
    }
},
{
    "model": "star_ratings.rating",
    "pk": 42,
    "fields": {
        "count": 0,
        "total": 0,
        "average": "0.000",
        "content_type": [
            "orders",
            "orderitem"
        ],
        "object_id": 7
    }
},
{
    "model": "star_ratings.rating",
    "pk": 43,
    "fields": {
        "count": 0,
        "total": 0,
        "average": "0.000",
        "content_type": [
            "orders",
            "orderitem"
        ],
        "object_id": 8
    }
},
{
    "model": "star_ratings.rating",
    "pk": 44,
    "fields": {
        "count": 0,
        "total": 0,
        "average": "0.000",
        "content_type": [
            "orders",
            "orderitem"
        ],
        "object_id": 9
    }
},
{
    "model": "star_ratings.rating",
    "pk": 45,
    "fields": {
        "count": 0,
        "total": 0,
        "average": "0.000",
        "content_type": [
            "orders",
            "orderitem"
        ],
        "object_id": 10
    }
},
{
    "model": "star_ratings.rating",
    "pk": 46,
    "fields": {
        "count": 0,
        "total": 0,
        "average": "0.000",
        "content_type": [
            "orders",
            "orderitem"
        ],
        "object_id": 11
    }
},
{
    "model": "star_ratings.rating",
    "pk": 47,
    "fields": {
        "count": 0,
        "total": 0,
        "average": "0.000",
        "content_type": [
            "orders",
            "orderitem"
        ],
        "object_id": 12
    }
},
{
    "model": "star_ratings.rating",
    "pk": 48,
    "fields": {
        "count": 0,
        "total": 0,
        "average": "0.000",
        "content_type": [
            "orders",
            "orderitem"
        ],
        "object_id": 16
    }
},
{
    "model": "star_ratings.rating",
    "pk": 49,
    "fields": {
        "count": 0,
        "total": 0,
        "average": "0.000",
        "content_type": [
            "orders",
            "orderitem"
        ],
        "object_id": 21
    }
},
{
    "model": "star_ratings.rating",
    "pk": 50,
    "fields": {
        "count": 0,
        "total": 0,
        "average": "0.000",
        "content_type": [
            "orders",
            "orderitem"
        ],
        "object_id": 26
    }
},
{
    "model": "star_ratings.rating",
    "pk": 51,
    "fields": {
        "count": 0,
        "total": 0,
        "average": "0.000",
        "content_type": [
            "orders",
            "orderitem"
        ],
        "object_id": 31
    }
},
{
    "model": "star_ratings.rating",
    "pk": 52,
    "fields": {
        "count": 0,
        "total": 0,
        "average": "0.000",
        "content_type": [
            "orders",
            "orderitem"
        ],
        "object_id": 36
    }
},
{
    "model": "star_ratings.rating",
    "pk": 53,
    "fields": {
        "count": 0,
        "total": 0,
        "average": "0.000",
        "content_type": [
            "orders",
            "orderitem"
        ],
        "object_id": 65
    }
},
{
    "model": "star_ratings.rating",
    "pk": 54,
    "fields": {
        "count": 0,
        "total": 0,
        "average": "0.000",
        "content_type": [
            "orders",
            "orderitem"
        ],
        "object_id": 66
    }
},
{
    "model": "star_ratings.rating",
    "pk": 55,
    "fields": {
        "count": 0,
        "total": 0,
        "average": "0.000",
        "content_type": [
            "orders",
            "orderitem"
        ],
        "object_id": 85
    }
},
{
    "model": "star_ratings.rating",
    "pk": 56,
    "fields": {
        "count": 0,
        "total": 0,
        "average": "0.000",
        "content_type": [
            "orders",
            "orderitem"
        ],
        "object_id": 17
    }
},
{
    "model": "star_ratings.rating",
    "pk": 57,
    "fields": {
        "count": 0,
        "total": 0,
        "average": "0.000",
        "content_type": [
            "orders",
            "orderitem"
        ],
        "object_id": 22
    }
},
{
    "model": "star_ratings.rating",
    "pk": 58,
    "fields": {
        "count": 0,
        "total": 0,
        "average": "0.000",
        "content_type": [
            "orders",
            "orderitem"
        ],
        "object_id": 27
    }
},
{
    "model": "star_ratings.rating",
    "pk": 59,
    "fields": {
        "count": 0,
        "total": 0,
        "average": "0.000",
        "content_type": [
            "orders",
            "orderitem"
        ],
        "object_id": 32
    }
},
{
    "model": "star_ratings.rating",
    "pk": 60,
    "fields": {
        "count": 0,
        "total": 0,
        "average": "0.000",
        "content_type": [
            "orders",
            "orderitem"
        ],
        "object_id": 37
    }
},
{
    "model": "star_ratings.rating",
    "pk": 61,
    "fields": {
        "count": 0,
        "total": 0,
        "average": "0.000",
        "content_type": [
            "orders",
            "orderitem"
        ],
        "object_id": 41
    }
},
{
    "model": "star_ratings.rating",
    "pk": 62,
    "fields": {
        "count": 0,
        "total": 0,
        "average": "0.000",
        "content_type": [
            "orders",
            "orderitem"
        ],
        "object_id": 43
    }
},
{
    "model": "star_ratings.rating",
    "pk": 63,
    "fields": {
        "count": 0,
        "total": 0,
        "average": "0.000",
        "content_type": [
            "orders",
            "orderitem"
        ],
        "object_id": 44
    }
},
{
    "model": "star_ratings.rating",
    "pk": 64,
    "fields": {
        "count": 0,
        "total": 0,
        "average": "0.000",
        "content_type": [
            "orders",
            "orderitem"
        ],
        "object_id": 45
    }
},
{
    "model": "star_ratings.rating",
    "pk": 65,
    "fields": {
        "count": 0,
        "total": 0,
        "average": "0.000",
        "content_type": [
            "orders",
            "orderitem"
        ],
        "object_id": 46
    }
},
{
    "model": "star_ratings.rating",
    "pk": 66,
    "fields": {
        "count": 0,
        "total": 0,
        "average": "0.000",
        "content_type": [
            "orders",
            "orderitem"
        ],
        "object_id": 47
    }
},
{
    "model": "star_ratings.rating",
    "pk": 67,
    "fields": {
        "count": 0,
        "total": 0,
        "average": "0.000",
        "content_type": [
            "orders",
            "orderitem"
        ],
        "object_id": 48
    }
},
{
    "model": "star_ratings.rating",
    "pk": 68,
    "fields": {
        "count": 0,
        "total": 0,
        "average": "0.000",
        "content_type": [
            "orders",
            "orderitem"
        ],
        "object_id": 49
    }
},
{
    "model": "star_ratings.rating",
    "pk": 69,
    "fields": {
        "count": 0,
        "total": 0,
        "average": "0.000",
        "content_type": [
            "orders",
            "orderitem"
        ],
        "object_id": 50
    }
},
{
    "model": "star_ratings.rating",
    "pk": 70,
    "fields": {
        "count": 0,
        "total": 0,
        "average": "0.000",
        "content_type": [
            "orders",
            "orderitem"
        ],
        "object_id": 51
    }
},
{
    "model": "star_ratings.rating",
    "pk": 71,
    "fields": {
        "count": 0,
        "total": 0,
        "average": "0.000",
        "content_type": [
            "orders",
            "orderitem"
        ],
        "object_id": 52
    }
},
{
    "model": "star_ratings.rating",
    "pk": 72,
    "fields": {
        "count": 0,
        "total": 0,
        "average": "0.000",
        "content_type": [
            "orders",
            "orderitem"
        ],
        "object_id": 55
    }
},
{
    "model": "star_ratings.rating",
    "pk": 73,
    "fields": {
        "count": 0,
        "total": 0,
        "average": "0.000",
        "content_type": [
            "orders",
            "orderitem"
        ],
        "object_id": 59
    }
},
{
    "model": "star_ratings.rating",
    "pk": 74,
    "fields": {
        "count": 0,
        "total": 0,
        "average": "0.000",
        "content_type": [
            "orders",
            "orderitem"
        ],
        "object_id": 69
    }
},
{
    "model": "star_ratings.rating",
    "pk": 75,
    "fields": {
        "count": 0,
        "total": 0,
        "average": "0.000",
        "content_type": [
            "orders",
            "orderitem"
        ],
        "object_id": 70
    }
},
{
    "model": "star_ratings.rating",
    "pk": 76,
    "fields": {
        "count": 0,
        "total": 0,
        "average": "0.000",
        "content_type": [
            "orders",
            "orderitem"
        ],
        "object_id": 88
    }
},
{
    "model": "star_ratings.rating",
    "pk": 77,
    "fields": {
        "count": 0,
        "total": 0,
        "average": "0.000",
        "content_type": [
            "orders",
            "orderitem"
        ],
        "object_id": 89
    }
},
{
    "model": "star_ratings.rating",
    "pk": 78,
    "fields": {
        "count": 0,
        "total": 0,
        "average": "0.000",
        "content_type": [
            "orders",
            "orderitem"
        ],
        "object_id": 71
    }
},
{
    "model": "star_ratings.rating",
    "pk": 79,
    "fields": {
        "count": 0,
        "total": 0,
        "average": "0.000",
        "content_type": [
            "orders",
            "orderitem"
        ],
        "object_id": 75
    }
},
{
    "model": "star_ratings.rating",
    "pk": 80,
    "fields": {
        "count": 0,
        "total": 0,
        "average": "0.000",
        "content_type": [
            "orders",
            "orderitem"
        ],
        "object_id": 76
    }
},
{
    "model": "star_ratings.rating",
    "pk": 81,
    "fields": {
        "count": 0,
        "total": 0,
        "average": "0.000",
        "content_type": [
            "orders",
            "orderitem"
        ],
        "object_id": 86
    }
},
{
    "model": "star_ratings.rating",
    "pk": 82,
    "fields": {
        "count": 0,
        "total": 0,
        "average": "0.000",
        "content_type": [
            "orders",
            "orderitem"
        ],
        "object_id": 73
    }
},
{
    "model": "star_ratings.rating",
    "pk": 83,
    "fields": {
        "count": 0,
        "total": 0,
        "average": "0.000",
        "content_type": [
            "orders",
            "orderitem"
        ],
        "object_id": 74
    }
},
{
    "model": "star_ratings.rating",
    "pk": 84,
    "fields": {
        "count": 0,
        "total": 0,
        "average": "0.000",
        "content_type": [
            "orders",
            "orderitem"
        ],
        "object_id": 77
    }
},
{
    "model": "accounts.user",
    "fields": {
        "password": "pbkdf2_sha256$120000$GSNV5LdO6vrz$EeZfqIjjdWae5DGBZhsWJoK+uqjhgpAZjLz054oLE0Y=",
        "last_login": "2019-05-02T17:01:51.867Z",
        "username": "admin",
        "code_bip39": null,
        "pgp_key": "hi it's me",
        "image": "",
        "level": "member",
        "admin": true,
        "staff": true,
        "vendor": true,
        "is_active": true,
        "timestamp": "2019-01-29T18:24:47.807Z",
        "updated": "2019-04-19T15:00:37.547Z",
        "tfalogin": false,
        "trusts": [
            [
                "simba"
            ]
        ],
        "untrusts": []
    }
},
{
    "model": "accounts.user",
    "fields": {
        "password": "pbkdf2_sha256$120000$ABAF6fPiH4dW$zaKoAMROaXrNHZz5xj5L8nCQIfdLvu5tmEs3P1jiuvs=",
        "last_login": "2019-02-01T20:11:27.868Z",
        "username": "king",
        "code_bip39": null,
        "pgp_key": null,
        "image": "",
        "level": "member",
        "admin": false,
        "staff": false,
        "vendor": false,
        "is_active": true,
        "timestamp": "2019-01-31T17:29:59.086Z",
        "updated": "2019-01-31T17:29:59.086Z",
        "tfalogin": false,
        "trusts": [],
        "untrusts": []
    }
},
{
    "model": "accounts.user",
    "fields": {
        "password": "pbkdf2_sha256$120000$oeT4JGNnMTit$q6rCsye7LkeDA3Wm2fTM+OiQ9pXloxkWYBNjcSWwIzQ=",
        "last_login": "2019-02-03T14:40:18.605Z",
        "username": "Tester",
        "code_bip39": null,
        "pgp_key": "",
        "image": "",
        "level": "member",
        "admin": false,
        "staff": false,
        "vendor": true,
        "is_active": true,
        "timestamp": "2019-02-02T07:52:47.490Z",
        "updated": "2019-02-03T15:43:02.977Z",
        "tfalogin": false,
        "trusts": [],
        "untrusts": []
    }
},
{
    "model": "accounts.user",
    "fields": {
        "password": "pbkdf2_sha256$120000$VyepjMamsYpi$E0Rmu7Z39wvm3A7J0M4bUKXOmH8wGpZ7LmLXcNxI3go=",
        "last_login": "2019-03-06T18:15:49.015Z",
        "username": "simba",
        "code_bip39": null,
        "pgp_key": "-----BEGIN PGP PUBLIC KEY BLOCK-----\r\nVersion: BCPG C# v1.6.1.0\r\n\r\nmQENBFx1STEBCACgpeMQ46WN9fYOEmC+/KkEfISQYY7jPRnRSufaVnN0XZUMBpxG\r\ntguJGXDiNAboFZpnQUGYnZSJNrFz89kXfTRUTf4ooGETDanMRkmZEKOisA+rqEfj\r\nhbwJOI4VDXYrnMU+0lULyOEVdFozGP9GUzD+irYqOQqZwih+CEPEk5vGaDP8n1em\r\nJYpbCJgCdnn22fAuMT/DCGz3O2A5ACReWcoj2kKizhLdHq/o0jJX+cXf4ECfQGTb\r\n/pwr+IXY28zHYG4MInySb45Z8JM75VdJaO+hxCVWQ4tqdMxnzLp2C1CRZRAUAwQg\r\n9DTOcFnvbBaKl/IDPa25pa77c4oHdDcbjU5VABEBAAG0EnhkZXY0NDIwQGdtYWls\r\nLmNvbYkBHAQQAQIABgUCXHVJMQAKCRBo3QnCCC2C+ik0B/0ZaDHMkNdq1toqSi8l\r\nUVfZsz9VgjzQU3a4aSR/zl3/B8fIgEBTaZNJmx1KZnSr4bZQsjw7tA1XzAgRwgHc\r\nj3/Xe4thELHxbExdeI8WqnkufKVknrSjXGOaSdFh6JGafPRyNjCNqpl/o9avtvs7\r\ncqSxD/2gxSuwq6+uVPWifSxY91YE9zCnAmH9vxqakzFiX7OsqbzXXDhAFYjYJnx5\r\nJ91DpnahaC2WU/pd72saKmi8+Lz5hmxjT6FZdgxLgRZsMZ61PB7RLY5AJhYv8Fue\r\nfsQtCXW/65KUiqpolaJuqJkppQ/04n3NqdOgBBJh0Nk70qSV/RUa+xUObVhJ4Iit\r\nJN3P\r\n=QWgj\r\n-----END PGP PUBLIC KEY BLOCK-----",
        "image": "",
        "level": "Member",
        "admin": true,
        "staff": true,
        "vendor": true,
        "is_active": true,
        "timestamp": "2019-02-25T02:35:13.562Z",
        "updated": "2019-03-06T18:16:05.435Z",
        "tfalogin": true,
        "trusts": [
            [
                "admin"
            ],
            [
                "sxg"
            ]
        ],
        "untrusts": []
    }
},
{
    "model": "accounts.user",
    "fields": {
        "password": "pbkdf2_sha256$120000$2MNg7dM7qB5a$o98XLmvWPxHw/WyFjbZVmRIdTWXUTZy+RmyW0M7qkRk=",
        "last_login": "2019-03-06T05:06:07.267Z",
        "username": "test",
        "code_bip39": null,
        "pgp_key": null,
        "image": "",
        "level": "Member",
        "admin": false,
        "staff": false,
        "vendor": false,
        "is_active": true,
        "timestamp": "2019-03-01T13:18:04.245Z",
        "updated": "2019-03-01T13:18:04.245Z",
        "tfalogin": false,
        "trusts": [],
        "untrusts": []
    }
},
{
    "model": "accounts.user",
    "fields": {
        "password": "pbkdf2_sha256$120000$xUnacsQLMqpD$Fx/fu5tozKF+pTgNHgyf9Dzg1/Zc9e1GkGhBSw/eMCQ=",
        "last_login": "2019-03-10T11:52:38.151Z",
        "username": "alexnum",
        "code_bip39": null,
        "pgp_key": null,
        "image": "",
        "level": "Member",
        "admin": false,
        "staff": false,
        "vendor": false,
        "is_active": true,
        "timestamp": "2019-03-10T11:52:37.830Z",
        "updated": "2019-03-10T11:52:37.830Z",
        "tfalogin": false,
        "trusts": [],
        "untrusts": []
    }
},
{
    "model": "accounts.user",
    "fields": {
        "password": "pbkdf2_sha256$120000$ooukXRE8w1PH$zoPTo8EjRLTpN36p935on1zoZljm1mK0Pm60FAIFBGQ=",
        "last_login": "2019-03-17T21:26:55.363Z",
        "username": "leadermalang",
        "code_bip39": null,
        "pgp_key": null,
        "image": "",
        "level": "Member",
        "admin": false,
        "staff": false,
        "vendor": false,
        "is_active": true,
        "timestamp": "2019-03-17T21:26:55.138Z",
        "updated": "2019-03-17T21:26:55.138Z",
        "tfalogin": false,
        "trusts": [],
        "untrusts": []
    }
},
{
    "model": "accounts.user",
    "fields": {
        "password": "pbkdf2_sha256$120000$sqbtb5LNyHQK$5Y2VgFUbrFl5S8AAL3unDLMMTy/a8pVq2XcPLflcpSY=",
        "last_login": "2019-04-08T04:39:13.254Z",
        "username": "test1",
        "code_bip39": null,
        "pgp_key": null,
        "image": "",
        "level": "Member",
        "admin": false,
        "staff": false,
        "vendor": false,
        "is_active": true,
        "timestamp": "2019-04-08T04:39:12.765Z",
        "updated": "2019-04-08T04:39:12.765Z",
        "tfalogin": false,
        "trusts": [],
        "untrusts": []
    }
},
{
    "model": "accounts.user",
    "fields": {
        "password": "pbkdf2_sha256$120000$pDZ4vbbJXLqq$sbgIhS8M3XdA84M60cb+C0wIEQ7LjL0jmFnGLYM2PNk=",
        "last_login": "2019-04-19T15:05:55.541Z",
        "username": "saadelkheety",
        "code_bip39": null,
        "pgp_key": "test2",
        "image": "",
        "level": "Member",
        "admin": false,
        "staff": false,
        "vendor": false,
        "is_active": true,
        "timestamp": "2019-04-19T14:21:15.881Z",
        "updated": "2019-04-19T15:02:48.638Z",
        "tfalogin": false,
        "trusts": [],
        "untrusts": []
    }
},
{
    "model": "accounts.user",
    "fields": {
        "password": "pbkdf2_sha256$120000$ChWNa4Brch0N$xIeBbD4KFosao2ob4hWkCbxsKMJYgbqM0ZUup9o7cO0=",
        "last_login": "2019-04-21T06:01:37.204Z",
        "username": "huylee",
        "code_bip39": null,
        "pgp_key": null,
        "image": "",
        "level": "Admin",
        "admin": true,
        "staff": true,
        "vendor": true,
        "is_active": true,
        "timestamp": "2019-04-21T05:55:09.830Z",
        "updated": "2019-04-21T05:56:58.900Z",
        "tfalogin": false,
        "trusts": [],
        "untrusts": []
    }
},
{
    "model": "accounts.user",
    "fields": {
        "password": "pbkdf2_sha256$120000$CAWnMSpaQPm5$2RVzebTW+dFWYaig7MbqRIqNv+VbjqcNF1wp9ZaRMCg=",
        "last_login": "2019-04-21T05:57:26.486Z",
        "username": "ldh",
        "code_bip39": null,
        "pgp_key": null,
        "image": "",
        "level": "Member",
        "admin": false,
        "staff": false,
        "vendor": false,
        "is_active": true,
        "timestamp": "2019-04-21T05:57:26.369Z",
        "updated": "2019-04-21T05:57:26.369Z",
        "tfalogin": false,
        "trusts": [],
        "untrusts": []
    }
},
{
    "model": "accounts.user",
    "fields": {
        "password": "pbkdf2_sha256$120000$QEz1gY5VHIIs$rXSU1zIVQce/AVWGYqPxLauR2fuYb5PNY0+OL1z6SdM=",
        "last_login": "2019-04-21T11:41:52.552Z",
        "username": "demo",
        "code_bip39": "velvet behind observe ability mesh drastic afford bag",
        "pgp_key": null,
        "image": "",
        "level": "Member",
        "admin": false,
        "staff": false,
        "vendor": false,
        "is_active": true,
        "timestamp": "2019-04-21T11:41:52.425Z",
        "updated": "2019-04-21T11:41:52.425Z",
        "tfalogin": false,
        "trusts": [],
        "untrusts": []
    }
},
{
    "model": "accounts.user",
    "fields": {
        "password": "pbkdf2_sha256$120000$FeME6NhZddt5$Ln7bBA4bMThyqavycKjGq4QeBw3xxfb+82i731hxfrk=",
        "last_login": "2019-04-21T14:58:20.103Z",
        "username": "ldh1",
        "code_bip39": "advance message shoe claw van income elbow idea",
        "pgp_key": null,
        "image": "",
        "level": "Member",
        "admin": false,
        "staff": false,
        "vendor": false,
        "is_active": true,
        "timestamp": "2019-04-21T14:58:19.971Z",
        "updated": "2019-04-21T14:58:19.971Z",
        "tfalogin": false,
        "trusts": [],
        "untrusts": []
    }
},
{
    "model": "accounts.user",
    "fields": {
        "password": "pbkdf2_sha256$120000$DC4nSUKcOdEF$KO0rDqQUuSHsX1oD9Gr6fd7ewZUiSij9gvZ9fu8AVow=",
        "last_login": "2019-04-21T15:04:46.745Z",
        "username": "ldh2",
        "code_bip39": "banana lonely enrich nest want write never drum",
        "pgp_key": null,
        "image": "",
        "level": "Member",
        "admin": false,
        "staff": false,
        "vendor": false,
        "is_active": true,
        "timestamp": "2019-04-21T15:04:46.604Z",
        "updated": "2019-04-21T15:04:46.604Z",
        "tfalogin": false,
        "trusts": [],
        "untrusts": []
    }
},
{
    "model": "accounts.user",
    "fields": {
        "password": "pbkdf2_sha256$120000$pIolIZSEoUxB$3PYtyCFlfEPNdG6EK9a231w6x5wLCIYTNDQXFwBVJmA=",
        "last_login": "2019-04-21T15:08:38.395Z",
        "username": "test3",
        "code_bip39": "service panel use river miss evil speak awkward",
        "pgp_key": null,
        "image": "",
        "level": "Member",
        "admin": false,
        "staff": false,
        "vendor": false,
        "is_active": true,
        "timestamp": "2019-04-21T15:08:38.263Z",
        "updated": "2019-04-21T15:08:38.263Z",
        "tfalogin": false,
        "trusts": [],
        "untrusts": []
    }
},
{
    "model": "accounts.user",
    "fields": {
        "password": "pbkdf2_sha256$120000$EG7mDSDeLCqW$DmsngdhV5unSbCMa4f1HesNSGt/fS/5nRZVo/gX6WZY=",
        "last_login": "2019-04-21T15:11:30.954Z",
        "username": "test4",
        "code_bip39": "tomato loan ball depend conduct subject purse orchard",
        "pgp_key": null,
        "image": "",
        "level": "Member",
        "admin": false,
        "staff": false,
        "vendor": false,
        "is_active": true,
        "timestamp": "2019-04-21T15:11:30.826Z",
        "updated": "2019-04-21T15:11:30.826Z",
        "tfalogin": false,
        "trusts": [],
        "untrusts": []
    }
},
{
    "model": "accounts.user",
    "fields": {
        "password": "pbkdf2_sha256$120000$KYZ3kgh94sg9$cEUV2/UfjRnHW1jyz0udHSJzznXuUHrfeVUlfeShTqQ=",
        "last_login": "2019-04-24T07:03:12.963Z",
        "username": "wayne4989",
        "code_bip39": "horn curious soon desert cruise drill van cloud",
        "pgp_key": null,
        "image": "",
        "level": "Member",
        "admin": false,
        "staff": false,
        "vendor": false,
        "is_active": true,
        "timestamp": "2019-04-22T17:03:46.495Z",
        "updated": "2019-04-22T17:03:46.495Z",
        "tfalogin": false,
        "trusts": [],
        "untrusts": []
    }
},
{
    "model": "accounts.user",
    "fields": {
        "password": "pbkdf2_sha256$120000$GCJl7WN1KgSb$DiVGB7O5PTEjh8oLNHmuUKznjh35rvqsdom1dpuAhhY=",
        "last_login": "2019-04-26T16:27:42.417Z",
        "username": "white",
        "code_bip39": "puzzle burden answer test duck popular divert copy",
        "pgp_key": null,
        "image": "",
        "level": "Member",
        "admin": false,
        "staff": false,
        "vendor": false,
        "is_active": true,
        "timestamp": "2019-04-25T20:08:20.204Z",
        "updated": "2019-04-25T20:08:20.204Z",
        "tfalogin": false,
        "trusts": [],
        "untrusts": []
    }
},
{
    "model": "accounts.user",
    "fields": {
        "password": "pbkdf2_sha256$120000$EMbdMTZ1DR1U$7KZRJfQLDNzwWt2S6Kfv3G7kAmDaxIj9ZqhrdDHJCDI=",
        "last_login": "2019-04-27T17:13:12.555Z",
        "username": "hello123",
        "code_bip39": "denial meat stuff human concert kiwi tornado humor",
        "pgp_key": null,
        "image": "",
        "level": "Member",
        "admin": false,
        "staff": false,
        "vendor": false,
        "is_active": true,
        "timestamp": "2019-04-27T17:13:12.259Z",
        "updated": "2019-04-27T17:13:12.259Z",
        "tfalogin": false,
        "trusts": [],
        "untrusts": []
    }
},
{
    "model": "accounts.user",
    "fields": {
        "password": "pbkdf2_sha256$120000$3guWVZNfCVtn$vPD3WAzFhpCEsn5ahClL+aQmqmToYVnpcHnHR3IDIac=",
        "last_login": "2019-05-02T17:47:09.493Z",
        "username": "sxg",
        "code_bip39": "view trouble depend cat liberty dentist fiber swift",
        "pgp_key": null,
        "image": "",
        "level": "Member",
        "admin": false,
        "staff": false,
        "vendor": false,
        "is_active": true,
        "timestamp": "2019-04-30T15:45:52.074Z",
        "updated": "2019-04-30T15:45:52.074Z",
        "tfalogin": false,
        "trusts": [
            [
                "simba"
            ]
        ],
        "untrusts": []
    }
},
{
    "model": "accounts.vendorterm",
    "pk": 6,
    "fields": {
        "userId": [
            "admin"
        ],
        "description": "test"
    }
},
{
    "model": "accounts.vendorterm",
    "pk": 7,
    "fields": {
        "userId": [
            "king"
        ],
        "description": "vvvv"
    }
},
{
    "model": "accounts.vendorterm",
    "pk": 8,
    "fields": {
        "userId": [
            "Tester"
        ],
        "description": "ccc"
    }
},
{
    "model": "accounts.vendorterm",
    "pk": 9,
    "fields": {
        "userId": [
            "simba"
        ],
        "description": "4444"
    }
},
{
    "model": "accounts.vendorterm",
    "pk": 10,
    "fields": {
        "userId": [
            "test"
        ],
        "description": "5555"
    }
},
{
    "model": "accounts.vendorterm",
    "pk": 11,
    "fields": {
        "userId": [
            "alexnum"
        ],
        "description": "666"
    }
},
{
    "model": "accounts.vendorterm",
    "pk": 12,
    "fields": {
        "userId": [
            "leadermalang"
        ],
        "description": "777"
    }
},
{
    "model": "accounts.vendorterm",
    "pk": 13,
    "fields": {
        "userId": [
            "test1"
        ],
        "description": "888"
    }
},
{
    "model": "accounts.vendorterm",
    "pk": 14,
    "fields": {
        "userId": [
            "saadelkheety"
        ],
        "description": "999"
    }
},
{
    "model": "accounts.vendorterm",
    "pk": 15,
    "fields": {
        "userId": [
            "huylee"
        ],
        "description": "10"
    }
},
{
    "model": "accounts.vendorterm",
    "pk": 16,
    "fields": {
        "userId": [
            "ldh"
        ],
        "description": "11"
    }
},
{
    "model": "accounts.vendorfavorite",
    "pk": 15,
    "fields": {
        "user": [
            "white"
        ],
        "vendor": [
            "simba"
        ]
    }
},
{
    "model": "accounts.vendorfavorite",
    "pk": 16,
    "fields": {
        "user": [
            "hello123"
        ],
        "vendor": [
            "simba"
        ]
    }
},
{
    "model": "main.category",
    "pk": 4,
    "fields": {
        "name": "onionshop",
        "slug": "onionshop",
        "created_at": "2019-01-12T19:41:39.568Z",
        "updated_at": "2019-01-12T19:41:39.568Z"
    }
},
{
    "model": "main.category",
    "pk": 5,
    "fields": {
        "name": "category 1",
        "slug": "category_1",
        "created_at": "2019-02-03T08:49:41.995Z",
        "updated_at": "2019-02-03T08:49:41.995Z"
    }
},
{
    "model": "main.category",
    "pk": 6,
    "fields": {
        "name": "category 2",
        "slug": "category_2",
        "created_at": "2019-02-03T08:50:15.741Z",
        "updated_at": "2019-02-03T08:50:15.741Z"
    }
},
{
    "model": "main.category",
    "pk": 7,
    "fields": {
        "name": "category 3",
        "slug": "category_3",
        "created_at": "2019-02-03T08:50:29.958Z",
        "updated_at": "2019-02-03T08:50:29.958Z"
    }
},
{
    "model": "main.message",
    "pk": 2,
    "fields": {
        "sender": [
            "king"
        ],
        "receiver": [
            "admin"
        ],
        "content": "test message",
        "create": "2019-04-06T13:00:00Z",
        "update": "2019-04-07T13:16:45Z",
        "check": false,
        "sender_removed": true,
        "receiver_removed": true
    }
},
{
    "model": "main.message",
    "pk": 3,
    "fields": {
        "sender": [
            "admin"
        ],
        "receiver": [
            "Tester"
        ],
        "content": "test message",
        "create": "2019-04-07T12:00:15Z",
        "update": "2019-04-09T01:05:13Z",
        "check": false,
        "sender_removed": true,
        "receiver_removed": true
    }
},
{
    "model": "main.message",
    "pk": 5,
    "fields": {
        "sender": [
            "admin"
        ],
        "receiver": [
            "admin"
        ],
        "content": "Your payment are confirmed. Thank you.",
        "create": "2019-04-09T05:03:56.878Z",
        "update": "2019-04-09T05:03:56.878Z",
        "check": false,
        "sender_removed": true,
        "receiver_removed": true
    }
},
{
    "model": "main.message",
    "pk": 6,
    "fields": {
        "sender": [
            "admin"
        ],
        "receiver": [
            "admin"
        ],
        "content": "Your payment are confirmed. Thank you.",
        "create": "2019-04-09T11:06:36.177Z",
        "update": "2019-04-09T11:06:36.177Z",
        "check": false,
        "sender_removed": true,
        "receiver_removed": true
    }
},
{
    "model": "main.message",
    "pk": 19,
    "fields": {
        "sender": [
            "admin"
        ],
        "receiver": [
            "admin"
        ],
        "content": "Sorry but your shopping cart are canceled by vendor. Please send BTC refund address to Site manager.",
        "create": "2019-04-10T16:29:16.885Z",
        "update": "2019-04-10T16:29:17.116Z",
        "check": false,
        "sender_removed": true,
        "receiver_removed": true
    }
},
{
    "model": "main.message",
    "pk": 20,
    "fields": {
        "sender": [
            "admin"
        ],
        "receiver": [
            "admin"
        ],
        "content": "Sorry but your shopping cart are canceled by vendor. Please send BTC refund address to Site manager.",
        "create": "2019-04-10T16:30:25.893Z",
        "update": "2019-04-10T16:30:26.120Z",
        "check": false,
        "sender_removed": true,
        "receiver_removed": true
    }
},
{
    "model": "main.message",
    "pk": 21,
    "fields": {
        "sender": [
            "admin"
        ],
        "receiver": [
            "admin"
        ],
        "content": "Sorry but your shopping cart are canceled by vendor. Please send BTC refund address to Site manager.",
        "create": "2019-04-10T16:35:22.806Z",
        "update": "2019-04-10T16:35:22.886Z",
        "check": false,
        "sender_removed": true,
        "receiver_removed": true
    }
},
{
    "model": "main.message",
    "pk": 22,
    "fields": {
        "sender": [
            "admin"
        ],
        "receiver": [
            "admin"
        ],
        "content": "Your payment are confirmed. Thank you.",
        "create": "2019-04-11T15:09:29.300Z",
        "update": "2019-04-11T15:09:29.300Z",
        "check": false,
        "sender_removed": true,
        "receiver_removed": true
    }
},
{
    "model": "main.message",
    "pk": 23,
    "fields": {
        "sender": [
            "admin"
        ],
        "receiver": [
            "admin"
        ],
        "content": "Your payment are confirmed. Thank you.",
        "create": "2019-04-11T15:10:54.103Z",
        "update": "2019-04-11T15:10:54.103Z",
        "check": false,
        "sender_removed": true,
        "receiver_removed": true
    }
},
{
    "model": "main.message",
    "pk": 24,
    "fields": {
        "sender": [
            "admin"
        ],
        "receiver": [
            "admin"
        ],
        "content": "Your payment are confirmed. Thank you.",
        "create": "2019-04-11T16:58:00.639Z",
        "update": "2019-04-11T16:58:00.639Z",
        "check": false,
        "sender_removed": true,
        "receiver_removed": true
    }
},
{
    "model": "main.message",
    "pk": 25,
    "fields": {
        "sender": [
            "admin"
        ],
        "receiver": [
            "admin"
        ],
        "content": "Order are completed by customer.",
        "create": "2019-04-11T17:31:32.905Z",
        "update": "2019-04-11T17:31:33.043Z",
        "check": false,
        "sender_removed": true,
        "receiver_removed": true
    }
},
{
    "model": "main.message",
    "pk": 26,
    "fields": {
        "sender": [
            "admin"
        ],
        "receiver": [
            "admin"
        ],
        "content": "Customer require order to dispute. To dispute order can be approved by the staff. Please contact with staff.",
        "create": "2019-04-11T19:24:16.257Z",
        "update": "2019-04-11T19:24:16.352Z",
        "check": false,
        "sender_removed": true,
        "receiver_removed": true
    }
},
{
    "model": "main.message",
    "pk": 27,
    "fields": {
        "sender": [
            "admin"
        ],
        "receiver": [
            "admin"
        ],
        "content": "Your shipping product are deleted by vendor so your shipping are cancelled. Please contact staff for refunding your payment.",
        "create": "2019-04-16T03:43:24.454Z",
        "update": "2019-04-16T03:43:24.454Z",
        "check": false,
        "sender_removed": true,
        "receiver_removed": true
    }
},
{
    "model": "main.product",
    "pk": 2,
    "fields": {
        "category": 4,
        "name": "tor shop",
        "slug": "onionshop",
        "description": " this is test product by vendor",
        "price": "1.00",
        "available": true,
        "stock": 761,
        "created_at": "2019-01-12T19:45:58.344Z",
        "updated_at": "2019-01-13T15:17:40.896Z",
        "image": "products/2019/01/12/Download.jpeg",
        "country": null,
        "productOwnerID": [
            "admin"
        ],
        "payout_address": ""
    }
},
{
    "model": "main.product",
    "pk": 3,
    "fields": {
        "category": 4,
        "name": "Test Product by vendor",
        "slug": "testVendorProduct",
        "description": "This is a test product by vendor.",
        "price": "1.00",
        "available": true,
        "stock": 90,
        "created_at": "2019-03-18T20:49:37.197Z",
        "updated_at": "2019-03-18T20:49:37.197Z",
        "image": "",
        "country": null,
        "productOwnerID": [
            "admin"
        ],
        "payout_address": ""
    }
},
{
    "model": "main.product",
    "pk": 4,
    "fields": {
        "category": 4,
        "name": "Test Product by vendor",
        "slug": "testVendorProduct",
        "description": "This is a test product by vendor.",
        "price": "2.00",
        "available": true,
        "stock": 77,
        "created_at": "2019-03-18T21:05:38.692Z",
        "updated_at": "2019-03-18T21:05:38.692Z",
        "image": "products/2019/01/12/Download.jpeg",
        "country": null,
        "productOwnerID": [
            "simba"
        ],
        "payout_address": ""
    }
},
{
    "model": "main.product",
    "pk": 5,
    "fields": {
        "category": 4,
        "name": "Test Product by vendor",
        "slug": "testVendorProduct",
        "description": "This is a test product by vendor.",
        "price": "2.00",
        "available": true,
        "stock": 100,
        "created_at": "2019-03-18T21:07:25.461Z",
        "updated_at": "2019-03-18T21:07:25.461Z",
        "image": "products/2019/01/12/Download.jpeg",
        "country": null,
        "productOwnerID": [
            "simba"
        ],
        "payout_address": ""
    }
},
{
    "model": "main.product",
    "pk": 6,
    "fields": {
        "category": 5,
        "name": "PRODUCT-2 REVENUE",
        "slug": "testVendorProduct",
        "description": "wow its raining out side",
        "price": "3.00",
        "available": true,
        "stock": 45,
        "created_at": "2019-03-18T21:26:25.190Z",
        "updated_at": "2019-03-18T21:26:25.190Z",
        "image": "products/2019/01/12/Download.jpeg",
        "country": null,
        "productOwnerID": [
            "simba"
        ],
        "payout_address": ""
    }
},
{
    "model": "main.product",
    "pk": 7,
    "fields": {
        "category": 5,
        "name": "test product1",
        "slug": "testVendorProduct",
        "description": "test product1\r\nexample",
        "price": "222.00",
        "available": false,
        "stock": 100,
        "created_at": "2019-04-12T04:02:37.871Z",
        "updated_at": "2019-04-12T04:02:37.871Z",
        "image": "",
        "country": "AT",
        "productOwnerID": [
            "admin"
        ],
        "payout_address": ""
    }
},
{
    "model": "main.product",
    "pk": 8,
    "fields": {
        "category": 5,
        "name": "test product1",
        "slug": "test-product-1",
        "description": "test product for updating function",
        "price": "2.50",
        "available": true,
        "stock": 57,
        "created_at": "2019-04-12T09:33:32.700Z",
        "updated_at": "2019-04-12T09:33:32.700Z",
        "image": "",
        "country": "AU",
        "productOwnerID": [
            "admin"
        ],
        "payout_address": ""
    }
},
{
    "model": "main.product",
    "pk": 9,
    "fields": {
        "category": 5,
        "name": "test product1",
        "slug": "test-product-1",
        "description": "test product1 for slug",
        "price": "1.00",
        "available": false,
        "stock": 50,
        "created_at": "2019-04-16T05:21:57.818Z",
        "updated_at": "2019-04-16T05:21:57.818Z",
        "image": "",
        "country": "AU",
        "productOwnerID": [
            "admin"
        ],
        "payout_address": ""
    }
},
{
    "model": "main.product",
    "pk": 10,
    "fields": {
        "category": 5,
        "name": "test product1",
        "slug": "test-product-1",
        "description": "test product1 for slug",
        "price": "1.00",
        "available": false,
        "stock": 50,
        "created_at": "2019-04-16T05:24:05.145Z",
        "updated_at": "2019-04-16T05:24:05.145Z",
        "image": "",
        "country": "AU",
        "productOwnerID": [
            "admin"
        ],
        "payout_address": ""
    }
},
{
    "model": "main.product",
    "pk": 11,
    "fields": {
        "category": 4,
        "name": "huylee",
        "slug": "Trf",
        "description": "12312",
        "price": "12.00",
        "available": true,
        "stock": 12,
        "created_at": "2019-04-21T09:22:38.237Z",
        "updated_at": "2019-04-21T09:22:38.237Z",
        "image": "",
        "country": "VN",
        "productOwnerID": [
            "admin"
        ],
        "payout_address": "1241241245wfr234df"
    }
},
{
    "model": "main.product",
    "pk": 12,
    "fields": {
        "category": 6,
        "name": "Brunswick Sable Pharmacy",
        "slug": "vv",
        "description": "vv",
        "price": "66.00",
        "available": true,
        "stock": 999,
        "created_at": "2019-04-21T09:27:17.391Z",
        "updated_at": "2019-04-21T09:27:17.391Z",
        "image": "products/2019/04/30/4.png",
        "country": "VN",
        "productOwnerID": [
            "admin"
        ],
        "payout_address": "1241241245wfr234df"
    }
},
{
    "model": "main.product",
    "pk": 17,
    "fields": {
        "category": 6,
        "name": "asdgasdgads",
        "slug": "sadfdsf",
        "description": "asdfadsf",
        "price": "123.41",
        "available": false,
        "stock": 1241,
        "created_at": "2019-04-30T12:16:18.123Z",
        "updated_at": "2019-04-30T12:16:18.123Z",
        "image": "",
        "country": "AF",
        "productOwnerID": [
            "admin"
        ],
        "payout_address": ""
    }
},
{
    "model": "main.product",
    "pk": 18,
    "fields": {
        "category": 7,
        "name": "asdgasdgads",
        "slug": "sadfdsf",
        "description": "gsdfhdsfhdfg",
        "price": "123.43",
        "available": false,
        "stock": 12312412,
        "created_at": "2019-04-30T12:17:00.115Z",
        "updated_at": "2019-04-30T12:17:00.115Z",
        "image": "",
        "country": "AX",
        "productOwnerID": [
            "admin"
        ],
        "payout_address": ""
    }
},
{
    "model": "main.product",
    "pk": 19,
    "fields": {
        "category": 7,
        "name": "asdgasdgads",
        "slug": "sadfdsf",
        "description": "asdgadsg",
        "price": "123.43",
        "available": false,
        "stock": 12312412,
        "created_at": "2019-04-30T14:25:18.415Z",
        "updated_at": "2019-04-30T14:25:18.415Z",
        "image": "",
        "country": "AX",
        "productOwnerID": [
            "admin"
        ],
        "payout_address": ""
    }
},
{
    "model": "orders.pay",
    "pk": 1,
    "fields": {
        "timestamp": "2019-02-03T15:03:20.538Z",
        "address": "38zvbPMjS6RZzJRmfiiwW6rPv3rkzn1bGz",
        "btc_course": "0E-8",
        "amount_expected": "0.72474902",
        "amount_received": "0E-8",
        "vendor_amount": "0E-8",
        "fee_amount": "0E-8",
        "status": "0",
        "author": "admin"
    }
},
{
    "model": "orders.pay",
    "pk": 2,
    "fields": {
        "timestamp": "2019-02-03T15:05:27.631Z",
        "address": "3GFziT6vWkxhpZcmEMn21XkVYMihNnY6Cs",
        "btc_course": "0E-8",
        "amount_expected": "4.34884926",
        "amount_received": "0E-8",
        "vendor_amount": "0E-8",
        "fee_amount": "0E-8",
        "status": "0",
        "author": "Tester"
    }
},
{
    "model": "orders.pay",
    "pk": 3,
    "fields": {
        "timestamp": "2019-02-03T15:06:54.608Z",
        "address": "3JxfJUyEsvqtnBXiSFvoBAVZj6t3fJd7Rd",
        "btc_course": "0E-8",
        "amount_expected": "0E-8",
        "amount_received": "0E-8",
        "vendor_amount": "0E-8",
        "fee_amount": "0E-8",
        "status": "0",
        "author": "admin"
    }
},
{
    "model": "orders.pay",
    "pk": 4,
    "fields": {
        "timestamp": "2019-02-03T15:13:09.900Z",
        "address": "3PLYa6Dz9P3JjatPsW8Tn5z6PP4gymyAcW",
        "btc_course": "0E-8",
        "amount_expected": "0.72524064",
        "amount_received": "0E-8",
        "vendor_amount": "0E-8",
        "fee_amount": "0E-8",
        "status": "0",
        "author": "admin"
    }
},
{
    "model": "orders.pay",
    "pk": 5,
    "fields": {
        "timestamp": "2019-02-03T16:07:37.160Z",
        "address": "3HuuNnfUMdjmpuTVL18iHEvAMQEQHp9HeD",
        "btc_course": "0E-8",
        "amount_expected": "0.72488946",
        "amount_received": "0E-8",
        "vendor_amount": "0E-8",
        "fee_amount": "0E-8",
        "status": "0",
        "author": "Tester"
    }
},
{
    "model": "orders.pay",
    "pk": 6,
    "fields": {
        "timestamp": "2019-02-04T16:17:57.783Z",
        "address": "3BtuuVasBfqXGnkaSUhY11i3nM7qGGo8KN",
        "btc_course": "0E-8",
        "amount_expected": "0.72655832",
        "amount_received": "0E-8",
        "vendor_amount": "0E-8",
        "fee_amount": "0E-8",
        "status": "0",
        "author": "admin"
    }
},
{
    "model": "orders.pay",
    "pk": 7,
    "fields": {
        "timestamp": "2019-03-10T12:30:53.004Z",
        "address": "36mtfqGbM6k8uyGYhX3V5tfLokABQXNBJ6",
        "btc_course": "0E-8",
        "amount_expected": "0.63739197",
        "amount_received": "0E-8",
        "vendor_amount": "0E-8",
        "fee_amount": "0E-8",
        "status": "0",
        "author": "admin"
    }
},
{
    "model": "orders.pay",
    "pk": 8,
    "fields": {
        "timestamp": "2019-03-10T12:35:29.551Z",
        "address": "3KYqA9qxuGveKphcGbNgM8bEVkVZcxCYfY",
        "btc_course": "0E-8",
        "amount_expected": "1.27603484",
        "amount_received": "0E-8",
        "vendor_amount": "0E-8",
        "fee_amount": "0E-8",
        "status": "0",
        "author": "admin"
    }
},
{
    "model": "orders.pay",
    "pk": 9,
    "fields": {
        "timestamp": "2019-04-03T03:59:33.088Z",
        "address": "3K5rHxLV61sPgioBXe4Rnao1iU9wZLCjGk",
        "btc_course": "0E-8",
        "amount_expected": "0.82766549",
        "amount_received": "0E-8",
        "vendor_amount": "0E-8",
        "fee_amount": "0E-8",
        "status": "0",
        "author": "admin"
    }
},
{
    "model": "orders.pay",
    "pk": 10,
    "fields": {
        "timestamp": "2019-04-04T21:04:07.489Z",
        "address": "39sXoz8D2tUqmuMhA6F7iGqqPVW1BK569k",
        "btc_course": "0E-8",
        "amount_expected": "0.04110322",
        "amount_received": "0E-8",
        "vendor_amount": "0E-8",
        "fee_amount": "0E-8",
        "status": "0",
        "author": "admin"
    }
},
{
    "model": "orders.pay",
    "pk": 11,
    "fields": {
        "timestamp": "2019-04-05T02:17:13.350Z",
        "address": "3NFidjBMeQjQzvMDAf7ipxaF6i3vq6djfZ",
        "btc_course": "0E-8",
        "amount_expected": "0.06078802",
        "amount_received": "0E-8",
        "vendor_amount": "0E-8",
        "fee_amount": "0E-8",
        "status": "0",
        "author": "admin"
    }
},
{
    "model": "orders.pay",
    "pk": 12,
    "fields": {
        "timestamp": "2019-04-05T02:23:07.233Z",
        "address": "36pFDDKNnCPmLMuGkbh8EFH2vqgi1FyXNo",
        "btc_course": "0E-8",
        "amount_expected": "0.06076177",
        "amount_received": "0E-8",
        "vendor_amount": "0E-8",
        "fee_amount": "0E-8",
        "status": "0",
        "author": "admin"
    }
},
{
    "model": "orders.pay",
    "pk": 13,
    "fields": {
        "timestamp": "2019-04-08T13:35:35.959Z",
        "address": "3PX9dSd2TBcxsHJ6y3CXtQiMJnPtpYVrqc",
        "btc_course": "0E-8",
        "amount_expected": "0.00019197",
        "amount_received": "0E-8",
        "vendor_amount": "0E-8",
        "fee_amount": "0E-8",
        "status": "0",
        "author": "admin"
    }
},
{
    "model": "orders.pay",
    "pk": 14,
    "fields": {
        "timestamp": "2019-04-08T14:35:54.412Z",
        "address": "3KE8S4CWC5vrbNDQF6V7WLyCcMYmZp1xYc",
        "btc_course": "0E-8",
        "amount_expected": "0.00019133",
        "amount_received": "0E-8",
        "vendor_amount": "0E-8",
        "fee_amount": "0E-8",
        "status": "0",
        "author": "admin"
    }
},
{
    "model": "orders.pay",
    "pk": 15,
    "fields": {
        "timestamp": "2019-04-08T23:01:21.418Z",
        "address": "3KJSZySDQ1MVYjEQy9H3MvYhAdVaUm7odT",
        "btc_course": "0E-8",
        "amount_expected": "0.00037908",
        "amount_received": "0E-8",
        "vendor_amount": "0E-8",
        "fee_amount": "0E-8",
        "status": "0",
        "author": "admin"
    }
},
{
    "model": "orders.pay",
    "pk": 16,
    "fields": {
        "timestamp": "2019-04-08T23:03:26.237Z",
        "address": "3J8fS8eXb6ahdB9XWKmzr17oe8qGyvF2Qw",
        "btc_course": "0E-8",
        "amount_expected": "0.00037932",
        "amount_received": "0E-8",
        "vendor_amount": "0E-8",
        "fee_amount": "0E-8",
        "status": "0",
        "author": "admin"
    }
},
{
    "model": "orders.pay",
    "pk": 17,
    "fields": {
        "timestamp": "2019-04-08T23:03:55.408Z",
        "address": "3PHGrxnenZGpuVkJ1t6Bgqokcb1A5KUvyc",
        "btc_course": "0E-8",
        "amount_expected": "0E-8",
        "amount_received": "0E-8",
        "vendor_amount": "0E-8",
        "fee_amount": "0E-8",
        "status": "0",
        "author": "admin"
    }
},
{
    "model": "orders.pay",
    "pk": 18,
    "fields": {
        "timestamp": "2019-04-08T23:04:23.370Z",
        "address": "3Mi1U6dYfUpYxpbh3R5FqeHHemT6Ft5vCa",
        "btc_course": "0E-8",
        "amount_expected": "0E-8",
        "amount_received": "0E-8",
        "vendor_amount": "0E-8",
        "fee_amount": "0E-8",
        "status": "0",
        "author": "admin"
    }
},
{
    "model": "orders.pay",
    "pk": 19,
    "fields": {
        "timestamp": "2019-04-08T23:05:10.029Z",
        "address": "3JBNX9dyrmTv9KD7BjApMnjgwCubKgnUYR",
        "btc_course": "0E-8",
        "amount_expected": "0.00018984",
        "amount_received": "0E-8",
        "vendor_amount": "0E-8",
        "fee_amount": "0E-8",
        "status": "0",
        "author": "admin"
    }
},
{
    "model": "orders.pay",
    "pk": 20,
    "fields": {
        "timestamp": "2019-04-08T23:21:30.037Z",
        "address": "3ANk5u7PXSJoHbV6n8TgtWAvYey8s6jKy5",
        "btc_course": "0E-8",
        "amount_expected": "0.00284439",
        "amount_received": "0E-8",
        "vendor_amount": "0E-8",
        "fee_amount": "0E-8",
        "status": "0",
        "author": "admin"
    }
},
{
    "model": "orders.pay",
    "pk": 21,
    "fields": {
        "timestamp": "2019-04-09T04:51:45.481Z",
        "address": "3Gm62UGpaAFQU4KRqgmbLrQSVs59jcgrna",
        "btc_course": "0E-8",
        "amount_expected": "0.00019099",
        "amount_received": "0.00019099",
        "vendor_amount": "0E-8",
        "fee_amount": "0E-8",
        "status": "3",
        "author": "admin"
    }
},
{
    "model": "orders.pay",
    "pk": 25,
    "fields": {
        "timestamp": "2019-04-11T10:51:29.985Z",
        "address": "3EBk68zgCaau5ppP1Zu83LeiH54XcuR6VV",
        "btc_course": "5089.72000000",
        "amount_expected": "0.00098237",
        "amount_received": "0.00098237",
        "vendor_amount": "0.00002947",
        "fee_amount": "0.00095290",
        "status": "8",
        "author": "admin"
    }
},
{
    "model": "orders.pay",
    "pk": 26,
    "fields": {
        "timestamp": "2019-04-11T11:07:09.724Z",
        "address": "36mPStRZRUEkiawiTaEYscPNUf8hfBsjZj",
        "btc_course": "5047.64670000",
        "amount_expected": "0.00277357",
        "amount_received": "0E-8",
        "vendor_amount": "0E-8",
        "fee_amount": "0E-8",
        "status": "0",
        "author": "admin"
    }
},
{
    "model": "orders.pay",
    "pk": 27,
    "fields": {
        "timestamp": "2019-04-11T13:47:37.845Z",
        "address": "32FoNLT3h1V1hPgsYvhnQhEqh7YTgh3oSY",
        "btc_course": "5047.14670000",
        "amount_expected": "0.00019813",
        "amount_received": "0.00019813",
        "vendor_amount": "0E-8",
        "fee_amount": "0E-8",
        "status": "5",
        "author": "admin"
    }
},
{
    "model": "orders.pay",
    "pk": 28,
    "fields": {
        "timestamp": "2019-04-11T16:12:58.781Z",
        "address": "3GnspFgQqCmKeFbcawEGf5cKW3decAxjen",
        "btc_course": "5036.09000000",
        "amount_expected": "0.00019857",
        "amount_received": "0.00019857",
        "vendor_amount": "0.00019261",
        "fee_amount": "0.00000596",
        "status": "7",
        "author": "admin"
    }
},
{
    "model": "orders.pay",
    "pk": 29,
    "fields": {
        "timestamp": null,
        "address": "asfsdfdsfsdasdgsalgafgjafppafd'nbif[]nbi",
        "btc_course": "5000.00000000",
        "amount_expected": "0.00123456",
        "amount_received": "0.00123456",
        "vendor_amount": "0.00012345",
        "fee_amount": "0.00001234",
        "status": "3",
        "author": "admin"
    }
},
{
    "model": "orders.pay",
    "pk": 30,
    "fields": {
        "timestamp": "2019-04-24T03:29:09.252Z",
        "address": "35EhxW9dUuLVR8fa39pC7jGqJCLSfrQa4D",
        "btc_course": "5579.50330000",
        "amount_expected": "0.00035845",
        "amount_received": "0E-8",
        "vendor_amount": "0E-8",
        "fee_amount": "0E-8",
        "status": "0",
        "author": "wayne4989"
    }
},
{
    "model": "orders.pay",
    "pk": 31,
    "fields": {
        "timestamp": "2019-04-24T07:04:50.321Z",
        "address": "3LjhToUUYKk31xUaGELpNc8JFREQ7kMUqM",
        "btc_course": "5606.17000000",
        "amount_expected": "0.00017837",
        "amount_received": "0E-8",
        "vendor_amount": "0E-8",
        "fee_amount": "0E-8",
        "status": "0",
        "author": "wayne4989"
    }
},
{
    "model": "orders.pay",
    "pk": 32,
    "fields": {
        "timestamp": "2019-04-24T08:02:07.965Z",
        "address": "3PZoogD9YnUA4xNJdtHC1SffQbpzkZWvdv",
        "btc_course": "5479.88330000",
        "amount_expected": "0.00045621",
        "amount_received": "0E-8",
        "vendor_amount": "0E-8",
        "fee_amount": "0E-8",
        "status": "0",
        "author": "wayne4989"
    }
},
{
    "model": "orders.pay",
    "pk": 33,
    "fields": {
        "timestamp": "2019-04-24T08:06:18.406Z",
        "address": "3KRnc4Mnq16BYED9bhU2XyvAfVgVaux2VV",
        "btc_course": "5492.07170000",
        "amount_expected": "0.00036416",
        "amount_received": "0E-8",
        "vendor_amount": "0E-8",
        "fee_amount": "0E-8",
        "status": "0",
        "author": "wayne4989"
    }
},
{
    "model": "orders.order",
    "pk": 1,
    "fields": {
        "user": [
            "Tester"
        ],
        "address": "45467",
        "created": "2019-02-03T14:57:06.398Z",
        "updated": "2019-02-03T14:57:06.398Z",
        "payment": null,
        "paid": "0"
    }
},
{
    "model": "orders.order",
    "pk": 2,
    "fields": {
        "user": [
            "Tester"
        ],
        "address": "45467",
        "created": "2019-02-03T14:57:42.394Z",
        "updated": "2019-02-03T14:57:42.394Z",
        "payment": null,
        "paid": "0"
    }
},
{
    "model": "orders.order",
    "pk": 3,
    "fields": {
        "user": [
            "admin"
        ],
        "address": "mefl,fl,l,lv\r\n\r\nkw dvvmkfkfkfvk f  kf ",
        "created": "2019-02-03T14:59:17.214Z",
        "updated": "2019-02-03T14:59:17.214Z",
        "payment": null,
        "paid": "0"
    }
},
{
    "model": "orders.order",
    "pk": 4,
    "fields": {
        "user": [
            "admin"
        ],
        "address": "-----BEGIN PGP PUBLIC KEY BLOCK-----\r\nVersion: BCPG C# v1.6.1.0\r\n\r\nmQENBFw6VtgBCACaOvXdw5zXNiEkSRu0bO0Pi0NP8R+ME0CcTAa4FCoelOfHJpvb\r\nLpcFVKFe4dIHyIXXYstBhoSARurrbQCGDRj1URz5If96E4TskzKtN0rT2kR+mot+\r\nRvzRC+a2RsPCIXJJj7eQrSt7E9XVHfy25DiXZ5uWfUTcXxPSIgqCBcvIYuGB5228\r\nFYG8Arm/xZUXJhXPpuKNGmU2sN1LFqXcGIkgDXtel2HLeZnrHZ3On8cd3svivGfK\r\nkd7GM0icrr9/UvjfyO3C22hzbOH/GiEnH5SmwBmu0o4lp87LIBVlEFw8nncNudW8\r\nb4uBPq0TP1znc8YYxw7G9MFn7Y3U+s+rrsl9ABEBAAG0AIkBHAQQAQIABgUCXDpW\r\n2AAKCRC2/XDym/8RCIxAB/9IBwosbYyq4fKiAX5cq+Z2il8gsAvQLD9PZFdr4gRa\r\ncsN5w5R4xRtDK1/GccYGD2GazrNU+UZYYB0emVPaaXL0O6p/pAsHw0UQwEjAbqpC\r\nOCc7kKTCOkuHoIyNQh+adVYaCOkbMzfES0RH1KoQOc4EH7wEq9cRUmYxWLd27bwC\r\n0IGdK3F9V/GLBfjw2EJoRhSkfDIHKCJY98Vpfz8JLFCBnO+7cl0wHiSeRH216sav\r\n2u0EkajJeJW0uU5t/D7OqK0oFqmH+bK9vTGLw7GtQs2PC1r/BHBKgrz/aYeO9jyT\r\nfFYNABWHgilV/MhFZSIcqg19fkO3H1LlL45WaipSggtX=nv9F\r\n\r\n-----END PGP PUBLIC KEY BLOCK-----",
        "created": "2019-02-03T15:03:17.953Z",
        "updated": "2019-02-03T15:03:17.954Z",
        "payment": 1,
        "paid": "0"
    }
},
{
    "model": "orders.order",
    "pk": 5,
    "fields": {
        "user": [
            "Tester"
        ],
        "address": "5467",
        "created": "2019-02-03T15:05:23.747Z",
        "updated": "2019-02-03T15:05:23.747Z",
        "payment": 2,
        "paid": "0"
    }
},
{
    "model": "orders.order",
    "pk": 6,
    "fields": {
        "user": [
            "admin"
        ],
        "address": "-----BEGIN PGP PUBLIC KEY BLOCK-----\r\nVersion: BCPG C# v1.6.1.0\r\n\r\nmQENBFw6VtgBCACaOvXdw5zXNiEkSRu0bO0Pi0NP8R+ME0CcTAa4FCoelOfHJpvb\r\nLpcFVKFe4dIHyIXXYstBhoSARurrbQCGDRj1URz5If96E4TskzKtN0rT2kR+mot+\r\nRvzRC+a2RsPCIXJJj7eQrSt7E9XVHfy25DiXZ5uWfUTcXxPSIgqCBcvIYuGB5228\r\nFYG8Arm/xZUXJhXPpuKNGmU2sN1LFqXcGIkgDXtel2HLeZnrHZ3On8cd3svivGfK\r\nkd7GM0icrr9/UvjfyO3C22hzbOH/GiEnH5SmwBmu0o4lp87LIBVlEFw8nncNudW8\r\nb4uBPq0TP1znc8YYxw7G9MFn7Y3U+s+rrsl9ABEBAAG0AIkBHAQQAQIABgUCXDpW\r\n2AAKCRC2/XDym/8RCIxAB/9IBwosbYyq4fKiAX5cq+Z2il8gsAvQLD9PZFdr4gRa\r\ncsN5w5R4xRtDK1/GccYGD2GazrNU+UZYYB0emVPaaXL0O6p/pAsHw0UQwEjAbqpC\r\nOCc7kKTCOkuHoIyNQh+adVYaCOkbMzfES0RH1KoQOc4EH7wEq9cRUmYxWLd27bwC\r\n0IGdK3F9V/GLBfjw2EJoRhSkfDIHKCJY98Vpfz8JLFCBnO+7cl0wHiSeRH216sav\r\n2u0EkajJeJW0uU5t/D7OqK0oFqmH+bK9vTGLw7GtQs2PC1r/BHBKgrz/aYeO9jyT\r\nfFYNABWHgilV/MhFZSIcqg19fkO3H1LlL45WaipSggtX=nv9F\r\n\r\n-----END PGP PUBLIC KEY BLOCK-----",
        "created": "2019-02-03T15:06:50.691Z",
        "updated": "2019-02-03T15:06:50.691Z",
        "payment": 3,
        "paid": "0"
    }
},
{
    "model": "orders.order",
    "pk": 7,
    "fields": {
        "user": [
            "admin"
        ],
        "address": "-----BEGIN PGP PUBLIC KEY BLOCK-----\r\nVersion: BCPG C# v1.6.1.0\r\n\r\nmQENBFw6VtgBCACaOvXdw5zXNiEkSRu0bO0Pi0NP8R+ME0CcTAa4FCoelOfHJpvb\r\nLpcFVKFe4dIHyIXXYstBhoSARurrbQCGDRj1URz5If96E4TskzKtN0rT2kR+mot+\r\nRvzRC+a2RsPCIXJJj7eQrSt7E9XVHfy25DiXZ5uWfUTcXxPSIgqCBcvIYuGB5228\r\nFYG8Arm/xZUXJhXPpuKNGmU2sN1LFqXcGIkgDXtel2HLeZnrHZ3On8cd3svivGfK\r\nkd7GM0icrr9/UvjfyO3C22hzbOH/GiEnH5SmwBmu0o4lp87LIBVlEFw8nncNudW8\r\nb4uBPq0TP1znc8YYxw7G9MFn7Y3U+s+rrsl9ABEBAAG0AIkBHAQQAQIABgUCXDpW\r\n2AAKCRC2/XDym/8RCIxAB/9IBwosbYyq4fKiAX5cq+Z2il8gsAvQLD9PZFdr4gRa\r\ncsN5w5R4xRtDK1/GccYGD2GazrNU+UZYYB0emVPaaXL0O6p/pAsHw0UQwEjAbqpC\r\nOCc7kKTCOkuHoIyNQh+adVYaCOkbMzfES0RH1KoQOc4EH7wEq9cRUmYxWLd27bwC\r\n0IGdK3F9V/GLBfjw2EJoRhSkfDIHKCJY98Vpfz8JLFCBnO+7cl0wHiSeRH216sav\r\n2u0EkajJeJW0uU5t/D7OqK0oFqmH+bK9vTGLw7GtQs2PC1r/BHBKgrz/aYeO9jyT\r\nfFYNABWHgilV/MhFZSIcqg19fkO3H1LlL45WaipSggtX=nv9F\r\n\r\n-----END PGP PUBLIC KEY BLOCK-----",
        "created": "2019-02-03T15:13:06.842Z",
        "updated": "2019-02-03T15:13:06.842Z",
        "payment": 4,
        "paid": "0"
    }
},
{
    "model": "orders.order",
    "pk": 8,
    "fields": {
        "user": [
            "Tester"
        ],
        "address": "sas",
        "created": "2019-02-03T16:07:34.081Z",
        "updated": "2019-02-03T16:07:34.082Z",
        "payment": 5,
        "paid": "0"
    }
},
{
    "model": "orders.order",
    "pk": 9,
    "fields": {
        "user": [
            "admin"
        ],
        "address": "esdfgh,m",
        "created": "2019-02-04T16:14:23.479Z",
        "updated": "2019-02-04T16:14:23.479Z",
        "payment": null,
        "paid": "0"
    }
},
{
    "model": "orders.order",
    "pk": 10,
    "fields": {
        "user": [
            "admin"
        ],
        "address": "esdfgh,m",
        "created": "2019-02-04T16:15:22.597Z",
        "updated": "2019-02-04T16:15:22.597Z",
        "payment": null,
        "paid": "0"
    }
},
{
    "model": "orders.order",
    "pk": 11,
    "fields": {
        "user": [
            "admin"
        ],
        "address": "esdfgh,m",
        "created": "2019-02-04T16:17:49.948Z",
        "updated": "2019-02-04T16:17:49.948Z",
        "payment": 6,
        "paid": "0"
    }
},
{
    "model": "orders.order",
    "pk": 12,
    "fields": {
        "user": [
            "admin"
        ],
        "address": "hhhh\r\n",
        "created": "2019-03-10T12:30:51.698Z",
        "updated": "2019-03-10T12:30:51.698Z",
        "payment": 7,
        "paid": "0"
    }
},
{
    "model": "orders.order",
    "pk": 13,
    "fields": {
        "user": [
            "admin"
        ],
        "address": "fdgf",
        "created": "2019-03-10T12:35:28.369Z",
        "updated": "2019-03-10T12:35:28.369Z",
        "payment": 8,
        "paid": "0"
    }
},
{
    "model": "orders.order",
    "pk": 14,
    "fields": {
        "user": [
            "leadermalang"
        ],
        "address": "Millat Town ",
        "created": "2019-03-17T21:27:18.037Z",
        "updated": "2019-03-17T21:27:18.037Z",
        "payment": null,
        "paid": "0"
    }
},
{
    "model": "orders.order",
    "pk": 15,
    "fields": {
        "user": [
            "admin"
        ],
        "address": "sgsgsadfsdfasdf",
        "created": "2019-04-03T03:25:45.267Z",
        "updated": "2019-04-03T03:25:45.267Z",
        "payment": null,
        "paid": "0"
    }
},
{
    "model": "orders.order",
    "pk": 16,
    "fields": {
        "user": [
            "admin"
        ],
        "address": "sgsgsadfsdfasdf",
        "created": "2019-04-03T03:46:36.487Z",
        "updated": "2019-04-03T03:46:36.487Z",
        "payment": null,
        "paid": "0"
    }
},
{
    "model": "orders.order",
    "pk": 17,
    "fields": {
        "user": [
            "admin"
        ],
        "address": "sgsgsadfsdfasdf",
        "created": "2019-04-03T03:52:45.389Z",
        "updated": "2019-04-03T03:52:45.389Z",
        "payment": null,
        "paid": "0"
    }
},
{
    "model": "orders.order",
    "pk": 18,
    "fields": {
        "user": [
            "admin"
        ],
        "address": "sgsgsadfsdfasdf",
        "created": "2019-04-03T03:52:51.986Z",
        "updated": "2019-04-03T03:52:51.986Z",
        "payment": null,
        "paid": "0"
    }
},
{
    "model": "orders.order",
    "pk": 19,
    "fields": {
        "user": [
            "admin"
        ],
        "address": "sgsgsadfsdfasdf",
        "created": "2019-04-03T03:59:26.563Z",
        "updated": "2019-04-03T03:59:26.563Z",
        "payment": 9,
        "paid": "0"
    }
},
{
    "model": "orders.order",
    "pk": 20,
    "fields": {
        "user": [
            "admin"
        ],
        "address": "fgsdfgfdfgsdfg\r\ngdsfgfd",
        "created": "2019-04-04T21:04:05.717Z",
        "updated": "2019-04-04T21:04:05.717Z",
        "payment": 10,
        "paid": "0"
    }
},
{
    "model": "orders.order",
    "pk": 21,
    "fields": {
        "user": [
            "admin"
        ],
        "address": "test address",
        "created": "2019-04-04T22:39:57.804Z",
        "updated": "2019-04-04T22:39:57.804Z",
        "payment": null,
        "paid": "0"
    }
},
{
    "model": "orders.order",
    "pk": 22,
    "fields": {
        "user": [
            "admin"
        ],
        "address": "test address",
        "created": "2019-04-04T22:43:29.419Z",
        "updated": "2019-04-04T22:43:29.419Z",
        "payment": null,
        "paid": "0"
    }
},
{
    "model": "orders.order",
    "pk": 23,
    "fields": {
        "user": [
            "admin"
        ],
        "address": "test address",
        "created": "2019-04-05T02:16:36.831Z",
        "updated": "2019-04-05T02:16:36.831Z",
        "payment": 11,
        "paid": "0"
    }
},
{
    "model": "orders.order",
    "pk": 24,
    "fields": {
        "user": [
            "admin"
        ],
        "address": "test address",
        "created": "2019-04-05T02:23:05.342Z",
        "updated": "2019-04-05T02:23:05.342Z",
        "payment": 12,
        "paid": "0"
    }
},
{
    "model": "orders.order",
    "pk": 25,
    "fields": {
        "user": [
            "admin"
        ],
        "address": "test address",
        "created": "2019-04-08T12:31:30.122Z",
        "updated": "2019-04-08T12:31:30.122Z",
        "payment": null,
        "paid": "0"
    }
},
{
    "model": "orders.order",
    "pk": 26,
    "fields": {
        "user": [
            "admin"
        ],
        "address": "test address",
        "created": "2019-04-08T12:32:20.773Z",
        "updated": "2019-04-08T12:32:20.773Z",
        "payment": null,
        "paid": "0"
    }
},
{
    "model": "orders.order",
    "pk": 27,
    "fields": {
        "user": [
            "admin"
        ],
        "address": "test address",
        "created": "2019-04-08T12:33:16.700Z",
        "updated": "2019-04-08T12:33:16.701Z",
        "payment": null,
        "paid": "0"
    }
},
{
    "model": "orders.order",
    "pk": 28,
    "fields": {
        "user": [
            "admin"
        ],
        "address": "test address",
        "created": "2019-04-08T12:42:16.327Z",
        "updated": "2019-04-08T12:42:16.328Z",
        "payment": null,
        "paid": "0"
    }
},
{
    "model": "orders.order",
    "pk": 29,
    "fields": {
        "user": [
            "admin"
        ],
        "address": "test address",
        "created": "2019-04-08T12:43:01.172Z",
        "updated": "2019-04-08T12:43:01.172Z",
        "payment": null,
        "paid": "0"
    }
},
{
    "model": "orders.order",
    "pk": 30,
    "fields": {
        "user": [
            "admin"
        ],
        "address": "test address",
        "created": "2019-04-08T12:52:14.177Z",
        "updated": "2019-04-08T12:52:14.177Z",
        "payment": null,
        "paid": "0"
    }
},
{
    "model": "orders.order",
    "pk": 31,
    "fields": {
        "user": [
            "admin"
        ],
        "address": "test address",
        "created": "2019-04-08T12:57:41.458Z",
        "updated": "2019-04-08T12:57:41.458Z",
        "payment": null,
        "paid": "0"
    }
},
{
    "model": "orders.order",
    "pk": 32,
    "fields": {
        "user": [
            "admin"
        ],
        "address": "test address",
        "created": "2019-04-08T13:00:52.290Z",
        "updated": "2019-04-08T13:00:52.290Z",
        "payment": null,
        "paid": "0"
    }
},
{
    "model": "orders.order",
    "pk": 33,
    "fields": {
        "user": [
            "admin"
        ],
        "address": "test address",
        "created": "2019-04-08T13:35:33.140Z",
        "updated": "2019-04-08T13:35:33.140Z",
        "payment": 13,
        "paid": "0"
    }
},
{
    "model": "orders.order",
    "pk": 34,
    "fields": {
        "user": [
            "admin"
        ],
        "address": "test address\r\n",
        "created": "2019-04-08T14:35:51.420Z",
        "updated": "2019-04-08T14:35:51.420Z",
        "payment": 14,
        "paid": "0"
    }
},
{
    "model": "orders.order",
    "pk": 35,
    "fields": {
        "user": [
            "admin"
        ],
        "address": "test address",
        "created": "2019-04-08T23:01:19.309Z",
        "updated": "2019-04-08T23:01:19.309Z",
        "payment": 15,
        "paid": "0"
    }
},
{
    "model": "orders.order",
    "pk": 36,
    "fields": {
        "user": [
            "admin"
        ],
        "address": "test address",
        "created": "2019-04-08T23:03:24.538Z",
        "updated": "2019-04-08T23:03:24.538Z",
        "payment": 17,
        "paid": "0"
    }
},
{
    "model": "orders.order",
    "pk": 37,
    "fields": {
        "user": [
            "admin"
        ],
        "address": "test address",
        "created": "2019-04-08T23:04:22.017Z",
        "updated": "2019-04-08T23:04:22.017Z",
        "payment": 18,
        "paid": "0"
    }
},
{
    "model": "orders.order",
    "pk": 38,
    "fields": {
        "user": [
            "admin"
        ],
        "address": "test address",
        "created": "2019-04-08T23:05:08.157Z",
        "updated": "2019-04-08T23:05:08.157Z",
        "payment": 19,
        "paid": "0"
    }
},
{
    "model": "orders.order",
    "pk": 39,
    "fields": {
        "user": [
            "admin"
        ],
        "address": "test address",
        "created": "2019-04-08T23:17:11.863Z",
        "updated": "2019-04-08T23:17:11.863Z",
        "payment": null,
        "paid": "0"
    }
},
{
    "model": "orders.order",
    "pk": 40,
    "fields": {
        "user": [
            "admin"
        ],
        "address": "test address",
        "created": "2019-04-08T23:18:11.872Z",
        "updated": "2019-04-08T23:18:11.872Z",
        "payment": null,
        "paid": "0"
    }
},
{
    "model": "orders.order",
    "pk": 41,
    "fields": {
        "user": [
            "admin"
        ],
        "address": "test address",
        "created": "2019-04-08T23:21:28.235Z",
        "updated": "2019-04-08T23:21:28.235Z",
        "payment": 20,
        "paid": "0"
    }
},
{
    "model": "orders.order",
    "pk": 42,
    "fields": {
        "user": [
            "admin"
        ],
        "address": "test address",
        "created": "2019-04-09T04:51:43.899Z",
        "updated": "2019-04-09T04:51:43.899Z",
        "payment": 21,
        "paid": "3"
    }
},
{
    "model": "orders.order",
    "pk": 44,
    "fields": {
        "user": [
            "admin"
        ],
        "address": "test address",
        "created": "2019-04-09T10:40:07.018Z",
        "updated": "2019-04-09T10:40:07.018Z",
        "payment": null,
        "paid": "0"
    }
},
{
    "model": "orders.order",
    "pk": 50,
    "fields": {
        "user": [
            "admin"
        ],
        "address": "test address",
        "created": "2019-04-11T10:48:53.096Z",
        "updated": "2019-04-11T10:48:53.096Z",
        "payment": null,
        "paid": "0"
    }
},
{
    "model": "orders.order",
    "pk": 51,
    "fields": {
        "user": [
            "admin"
        ],
        "address": "test address",
        "created": "2019-04-11T10:50:00.411Z",
        "updated": "2019-04-11T10:50:00.411Z",
        "payment": null,
        "paid": "0"
    }
},
{
    "model": "orders.order",
    "pk": 52,
    "fields": {
        "user": [
            "admin"
        ],
        "address": "test address",
        "created": "2019-04-11T10:51:27.957Z",
        "updated": "2019-04-11T10:51:27.957Z",
        "payment": 25,
        "paid": "8"
    }
},
{
    "model": "orders.order",
    "pk": 53,
    "fields": {
        "user": [
            "admin"
        ],
        "address": "test address",
        "created": "2019-04-11T11:07:07.857Z",
        "updated": "2019-04-11T11:07:07.857Z",
        "payment": 26,
        "paid": "1"
    }
},
{
    "model": "orders.order",
    "pk": 54,
    "fields": {
        "user": [
            "admin"
        ],
        "address": "test address",
        "created": "2019-04-11T13:47:35.500Z",
        "updated": "2019-04-11T13:47:35.500Z",
        "payment": 27,
        "paid": "5"
    }
},
{
    "model": "orders.order",
    "pk": 55,
    "fields": {
        "user": [
            "admin"
        ],
        "address": "test address",
        "created": "2019-04-11T16:12:53.266Z",
        "updated": "2019-04-11T16:12:53.266Z",
        "payment": 28,
        "paid": "7"
    }
},
{
    "model": "orders.order",
    "pk": 56,
    "fields": {
        "user": [
            "admin"
        ],
        "address": "delete test address",
        "created": "2019-04-16T10:28:30Z",
        "updated": "2019-04-21T06:04:08.416Z",
        "payment": 29,
        "paid": "3"
    }
},
{
    "model": "orders.order",
    "pk": 57,
    "fields": {
        "user": [
            "wayne4989"
        ],
        "address": "Shenyang China",
        "created": "2019-04-23T06:19:52.215Z",
        "updated": "2019-04-23T06:19:52.215Z",
        "payment": null,
        "paid": "0"
    }
},
{
    "model": "orders.order",
    "pk": 58,
    "fields": {
        "user": [
            "wayne4989"
        ],
        "address": "china",
        "created": "2019-04-23T06:22:51.169Z",
        "updated": "2019-04-23T06:22:51.169Z",
        "payment": null,
        "paid": "0"
    }
},
{
    "model": "orders.order",
    "pk": 59,
    "fields": {
        "user": [
            "wayne4989"
        ],
        "address": "China",
        "created": "2019-04-23T11:41:41.076Z",
        "updated": "2019-04-23T11:41:41.076Z",
        "payment": null,
        "paid": "0"
    }
},
{
    "model": "orders.order",
    "pk": 60,
    "fields": {
        "user": [
            "wayne4989"
        ],
        "address": "df",
        "created": "2019-04-23T14:36:37.465Z",
        "updated": "2019-04-23T14:36:37.465Z",
        "payment": null,
        "paid": "0"
    }
},
{
    "model": "orders.order",
    "pk": 61,
    "fields": {
        "user": [
            "wayne4989"
        ],
        "address": "China",
        "created": "2019-04-23T14:37:39.757Z",
        "updated": "2019-04-23T14:37:39.757Z",
        "payment": null,
        "paid": "0"
    }
},
{
    "model": "orders.order",
    "pk": 62,
    "fields": {
        "user": [
            "wayne4989"
        ],
        "address": "as",
        "created": "2019-04-23T14:39:30.664Z",
        "updated": "2019-04-23T14:39:30.664Z",
        "payment": null,
        "paid": "0"
    }
},
{
    "model": "orders.order",
    "pk": 63,
    "fields": {
        "user": [
            "wayne4989"
        ],
        "address": "dd",
        "created": "2019-04-23T15:10:13.018Z",
        "updated": "2019-04-23T15:10:13.018Z",
        "payment": null,
        "paid": "0"
    }
},
{
    "model": "orders.order",
    "pk": 64,
    "fields": {
        "user": [
            "wayne4989"
        ],
        "address": "as",
        "created": "2019-04-23T18:00:04.767Z",
        "updated": "2019-04-23T18:00:04.767Z",
        "payment": null,
        "paid": "0"
    }
},
{
    "model": "orders.order",
    "pk": 65,
    "fields": {
        "user": [
            "wayne4989"
        ],
        "address": "as",
        "created": "2019-04-23T19:20:40.227Z",
        "updated": "2019-04-23T19:20:40.227Z",
        "payment": null,
        "paid": "0"
    }
},
{
    "model": "orders.order",
    "pk": 66,
    "fields": {
        "user": [
            "wayne4989"
        ],
        "address": "as",
        "created": "2019-04-23T19:26:10.104Z",
        "updated": "2019-04-23T19:26:10.104Z",
        "payment": null,
        "paid": "0"
    }
},
{
    "model": "orders.order",
    "pk": 67,
    "fields": {
        "user": [
            "wayne4989"
        ],
        "address": "as",
        "created": "2019-04-23T19:42:10.826Z",
        "updated": "2019-04-23T19:42:10.826Z",
        "payment": null,
        "paid": "0"
    }
},
{
    "model": "orders.order",
    "pk": 68,
    "fields": {
        "user": [
            "wayne4989"
        ],
        "address": "as",
        "created": "2019-04-23T20:13:22.280Z",
        "updated": "2019-04-23T20:13:22.280Z",
        "payment": null,
        "paid": "0"
    }
},
{
    "model": "orders.order",
    "pk": 69,
    "fields": {
        "user": [
            "wayne4989"
        ],
        "address": "aa",
        "created": "2019-04-24T03:29:06.064Z",
        "updated": "2019-04-24T03:29:06.064Z",
        "payment": 30,
        "paid": "1"
    }
},
{
    "model": "orders.order",
    "pk": 70,
    "fields": {
        "user": [
            "wayne4989"
        ],
        "address": "Shenyang, China",
        "created": "2019-04-24T07:04:42.674Z",
        "updated": "2019-04-24T07:04:42.674Z",
        "payment": 31,
        "paid": "1"
    }
},
{
    "model": "orders.order",
    "pk": 71,
    "fields": {
        "user": [
            "wayne4989"
        ],
        "address": "Shenyang, China",
        "created": "2019-04-24T08:00:12.188Z",
        "updated": "2019-04-24T08:00:12.188Z",
        "payment": null,
        "paid": "0"
    }
},
{
    "model": "orders.order",
    "pk": 72,
    "fields": {
        "user": [
            "wayne4989"
        ],
        "address": "China",
        "created": "2019-04-24T08:02:04.164Z",
        "updated": "2019-04-24T08:02:04.165Z",
        "payment": 32,
        "paid": "1"
    }
},
{
    "model": "orders.order",
    "pk": 73,
    "fields": {
        "user": [
            "wayne4989"
        ],
        "address": "Liaoning",
        "created": "2019-04-24T08:06:15.363Z",
        "updated": "2019-04-24T08:06:15.363Z",
        "payment": 33,
        "paid": "1"
    }
},
{
    "model": "orders.order",
    "pk": 74,
    "fields": {
        "user": [
            "white"
        ],
        "address": "YuriYuriYuriYuriYuriYuriYuriYuriYuriYuriYuriYuriYuriYuriYuriYuriYuriYuriYuriYuriYuriYuriYuriYuriYuriYuriYuriYuriYuri",
        "created": "2019-04-26T17:43:19.686Z",
        "updated": "2019-04-26T17:43:19.686Z",
        "payment": null,
        "paid": "0"
    }
},
{
    "model": "orders.order",
    "pk": 75,
    "fields": {
        "user": [
            "white"
        ],
        "address": "asdfasdfasdf",
        "created": "2019-04-26T18:11:13.883Z",
        "updated": "2019-04-26T18:11:13.883Z",
        "payment": null,
        "paid": "0"
    }
},
{
    "model": "orders.order",
    "pk": 76,
    "fields": {
        "user": [
            "white"
        ],
        "address": "123123123123",
        "created": "2019-04-26T18:13:59.293Z",
        "updated": "2019-04-26T18:13:59.293Z",
        "payment": null,
        "paid": "0"
    }
},
{
    "model": "orders.order",
    "pk": 77,
    "fields": {
        "user": [
            "white"
        ],
        "address": "kingkingking",
        "created": "2019-04-26T18:17:33.290Z",
        "updated": "2019-04-26T18:17:33.290Z",
        "payment": null,
        "paid": "0"
    }
},
{
    "model": "orders.order",
    "pk": 78,
    "fields": {
        "user": [
            "white"
        ],
        "address": "gcvhbnm",
        "created": "2019-04-26T20:23:39.995Z",
        "updated": "2019-04-26T20:23:39.995Z",
        "payment": null,
        "paid": "0"
    }
},
{
    "model": "orders.orderitem",
    "pk": 1,
    "fields": {
        "author": [
            "Tester"
        ],
        "order": 1,
        "product": 2,
        "price": "2500.00",
        "quantity": 6,
        "comment": ""
    }
},
{
    "model": "orders.orderitem",
    "pk": 2,
    "fields": {
        "author": [
            "Tester"
        ],
        "order": 2,
        "product": 2,
        "price": "2500.00",
        "quantity": 6,
        "comment": ""
    }
},
{
    "model": "orders.orderitem",
    "pk": 3,
    "fields": {
        "author": [
            "admin"
        ],
        "order": 4,
        "product": 2,
        "price": "2500.00",
        "quantity": 1,
        "comment": ""
    }
},
{
    "model": "orders.orderitem",
    "pk": 4,
    "fields": {
        "author": [
            "Tester"
        ],
        "order": 5,
        "product": 2,
        "price": "2500.00",
        "quantity": 6,
        "comment": ""
    }
},
{
    "model": "orders.orderitem",
    "pk": 5,
    "fields": {
        "author": [
            "admin"
        ],
        "order": 7,
        "product": 2,
        "price": "2500.00",
        "quantity": 1,
        "comment": ""
    }
},
{
    "model": "orders.orderitem",
    "pk": 6,
    "fields": {
        "author": [
            "Tester"
        ],
        "order": 8,
        "product": 2,
        "price": "2500.00",
        "quantity": 1,
        "comment": ""
    }
},
{
    "model": "orders.orderitem",
    "pk": 7,
    "fields": {
        "author": [
            "admin"
        ],
        "order": 9,
        "product": 2,
        "price": "2500.00",
        "quantity": 1,
        "comment": ""
    }
},
{
    "model": "orders.orderitem",
    "pk": 8,
    "fields": {
        "author": [
            "admin"
        ],
        "order": 10,
        "product": 2,
        "price": "2500.00",
        "quantity": 1,
        "comment": ""
    }
},
{
    "model": "orders.orderitem",
    "pk": 9,
    "fields": {
        "author": [
            "admin"
        ],
        "order": 11,
        "product": 2,
        "price": "2500.00",
        "quantity": 1,
        "comment": ""
    }
},
{
    "model": "orders.orderitem",
    "pk": 10,
    "fields": {
        "author": [
            "admin"
        ],
        "order": 12,
        "product": 2,
        "price": "2500.00",
        "quantity": 1,
        "comment": ""
    }
},
{
    "model": "orders.orderitem",
    "pk": 11,
    "fields": {
        "author": [
            "admin"
        ],
        "order": 13,
        "product": 2,
        "price": "2500.00",
        "quantity": 2,
        "comment": ""
    }
},
{
    "model": "orders.orderitem",
    "pk": 12,
    "fields": {
        "author": [
            "leadermalang"
        ],
        "order": 14,
        "product": 2,
        "price": "2500.00",
        "quantity": 1,
        "comment": ""
    }
},
{
    "model": "orders.orderitem",
    "pk": 13,
    "fields": {
        "author": [
            "admin"
        ],
        "order": 15,
        "product": 4,
        "price": "100.00",
        "quantity": 2,
        "comment": ""
    }
},
{
    "model": "orders.orderitem",
    "pk": 14,
    "fields": {
        "author": [
            "admin"
        ],
        "order": 15,
        "product": 5,
        "price": "100.00",
        "quantity": 1,
        "comment": ""
    }
},
{
    "model": "orders.orderitem",
    "pk": 15,
    "fields": {
        "author": [
            "admin"
        ],
        "order": 15,
        "product": 6,
        "price": "990.00",
        "quantity": 1,
        "comment": ""
    }
},
{
    "model": "orders.orderitem",
    "pk": 16,
    "fields": {
        "author": [
            "admin"
        ],
        "order": 15,
        "product": 2,
        "price": "2500.00",
        "quantity": 1,
        "comment": ""
    }
},
{
    "model": "orders.orderitem",
    "pk": 17,
    "fields": {
        "author": [
            "admin"
        ],
        "order": 15,
        "product": 3,
        "price": "100.00",
        "quantity": 4,
        "comment": ""
    }
},
{
    "model": "orders.orderitem",
    "pk": 18,
    "fields": {
        "author": [
            "admin"
        ],
        "order": 16,
        "product": 4,
        "price": "100.00",
        "quantity": 2,
        "comment": ""
    }
},
{
    "model": "orders.orderitem",
    "pk": 19,
    "fields": {
        "author": [
            "admin"
        ],
        "order": 16,
        "product": 5,
        "price": "100.00",
        "quantity": 1,
        "comment": ""
    }
},
{
    "model": "orders.orderitem",
    "pk": 20,
    "fields": {
        "author": [
            "admin"
        ],
        "order": 16,
        "product": 6,
        "price": "990.00",
        "quantity": 1,
        "comment": ""
    }
},
{
    "model": "orders.orderitem",
    "pk": 21,
    "fields": {
        "author": [
            "admin"
        ],
        "order": 16,
        "product": 2,
        "price": "2500.00",
        "quantity": 1,
        "comment": ""
    }
},
{
    "model": "orders.orderitem",
    "pk": 22,
    "fields": {
        "author": [
            "admin"
        ],
        "order": 16,
        "product": 3,
        "price": "100.00",
        "quantity": 4,
        "comment": ""
    }
},
{
    "model": "orders.orderitem",
    "pk": 23,
    "fields": {
        "author": [
            "admin"
        ],
        "order": 17,
        "product": 4,
        "price": "100.00",
        "quantity": 2,
        "comment": ""
    }
},
{
    "model": "orders.orderitem",
    "pk": 24,
    "fields": {
        "author": [
            "admin"
        ],
        "order": 17,
        "product": 5,
        "price": "100.00",
        "quantity": 1,
        "comment": ""
    }
},
{
    "model": "orders.orderitem",
    "pk": 25,
    "fields": {
        "author": [
            "admin"
        ],
        "order": 17,
        "product": 6,
        "price": "990.00",
        "quantity": 1,
        "comment": ""
    }
},
{
    "model": "orders.orderitem",
    "pk": 26,
    "fields": {
        "author": [
            "admin"
        ],
        "order": 17,
        "product": 2,
        "price": "2500.00",
        "quantity": 1,
        "comment": ""
    }
},
{
    "model": "orders.orderitem",
    "pk": 27,
    "fields": {
        "author": [
            "admin"
        ],
        "order": 17,
        "product": 3,
        "price": "100.00",
        "quantity": 4,
        "comment": ""
    }
},
{
    "model": "orders.orderitem",
    "pk": 28,
    "fields": {
        "author": [
            "admin"
        ],
        "order": 18,
        "product": 4,
        "price": "100.00",
        "quantity": 2,
        "comment": ""
    }
},
{
    "model": "orders.orderitem",
    "pk": 29,
    "fields": {
        "author": [
            "admin"
        ],
        "order": 18,
        "product": 5,
        "price": "100.00",
        "quantity": 1,
        "comment": ""
    }
},
{
    "model": "orders.orderitem",
    "pk": 30,
    "fields": {
        "author": [
            "admin"
        ],
        "order": 18,
        "product": 6,
        "price": "990.00",
        "quantity": 1,
        "comment": ""
    }
},
{
    "model": "orders.orderitem",
    "pk": 31,
    "fields": {
        "author": [
            "admin"
        ],
        "order": 18,
        "product": 2,
        "price": "2500.00",
        "quantity": 1,
        "comment": ""
    }
},
{
    "model": "orders.orderitem",
    "pk": 32,
    "fields": {
        "author": [
            "admin"
        ],
        "order": 18,
        "product": 3,
        "price": "100.00",
        "quantity": 4,
        "comment": ""
    }
},
{
    "model": "orders.orderitem",
    "pk": 33,
    "fields": {
        "author": [
            "admin"
        ],
        "order": 19,
        "product": 4,
        "price": "100.00",
        "quantity": 2,
        "comment": ""
    }
},
{
    "model": "orders.orderitem",
    "pk": 34,
    "fields": {
        "author": [
            "admin"
        ],
        "order": 19,
        "product": 5,
        "price": "100.00",
        "quantity": 1,
        "comment": ""
    }
},
{
    "model": "orders.orderitem",
    "pk": 35,
    "fields": {
        "author": [
            "admin"
        ],
        "order": 19,
        "product": 6,
        "price": "990.00",
        "quantity": 1,
        "comment": ""
    }
},
{
    "model": "orders.orderitem",
    "pk": 36,
    "fields": {
        "author": [
            "admin"
        ],
        "order": 19,
        "product": 2,
        "price": "2500.00",
        "quantity": 1,
        "comment": ""
    }
},
{
    "model": "orders.orderitem",
    "pk": 37,
    "fields": {
        "author": [
            "admin"
        ],
        "order": 19,
        "product": 3,
        "price": "100.00",
        "quantity": 4,
        "comment": ""
    }
},
{
    "model": "orders.orderitem",
    "pk": 38,
    "fields": {
        "author": [
            "admin"
        ],
        "order": 20,
        "product": 4,
        "price": "100.00",
        "quantity": 2,
        "comment": ""
    }
},
{
    "model": "orders.orderitem",
    "pk": 39,
    "fields": {
        "author": [
            "admin"
        ],
        "order": 21,
        "product": 4,
        "price": "100.00",
        "quantity": 3,
        "comment": ""
    }
},
{
    "model": "orders.orderitem",
    "pk": 40,
    "fields": {
        "author": [
            "admin"
        ],
        "order": 22,
        "product": 4,
        "price": "100.00",
        "quantity": 3,
        "comment": ""
    }
},
{
    "model": "orders.orderitem",
    "pk": 41,
    "fields": {
        "author": [
            "admin"
        ],
        "order": 23,
        "product": 3,
        "price": "100.00",
        "quantity": 3,
        "comment": ""
    }
},
{
    "model": "orders.orderitem",
    "pk": 42,
    "fields": {
        "author": [
            "admin"
        ],
        "order": 24,
        "product": 4,
        "price": "100.00",
        "quantity": 3,
        "comment": ""
    }
},
{
    "model": "orders.orderitem",
    "pk": 43,
    "fields": {
        "author": [
            "admin"
        ],
        "order": 25,
        "product": 3,
        "price": "1.00",
        "quantity": 1,
        "comment": ""
    }
},
{
    "model": "orders.orderitem",
    "pk": 44,
    "fields": {
        "author": [
            "admin"
        ],
        "order": 26,
        "product": 3,
        "price": "1.00",
        "quantity": 1,
        "comment": ""
    }
},
{
    "model": "orders.orderitem",
    "pk": 45,
    "fields": {
        "author": [
            "admin"
        ],
        "order": 27,
        "product": 3,
        "price": "1.00",
        "quantity": 1,
        "comment": ""
    }
},
{
    "model": "orders.orderitem",
    "pk": 46,
    "fields": {
        "author": [
            "admin"
        ],
        "order": 28,
        "product": 3,
        "price": "1.00",
        "quantity": 1,
        "comment": ""
    }
},
{
    "model": "orders.orderitem",
    "pk": 47,
    "fields": {
        "author": [
            "admin"
        ],
        "order": 29,
        "product": 3,
        "price": "1.00",
        "quantity": 1,
        "comment": ""
    }
},
{
    "model": "orders.orderitem",
    "pk": 48,
    "fields": {
        "author": [
            "admin"
        ],
        "order": 30,
        "product": 3,
        "price": "1.00",
        "quantity": 1,
        "comment": ""
    }
},
{
    "model": "orders.orderitem",
    "pk": 49,
    "fields": {
        "author": [
            "admin"
        ],
        "order": 31,
        "product": 3,
        "price": "1.00",
        "quantity": 1,
        "comment": ""
    }
},
{
    "model": "orders.orderitem",
    "pk": 50,
    "fields": {
        "author": [
            "admin"
        ],
        "order": 32,
        "product": 3,
        "price": "1.00",
        "quantity": 1,
        "comment": ""
    }
},
{
    "model": "orders.orderitem",
    "pk": 51,
    "fields": {
        "author": [
            "admin"
        ],
        "order": 33,
        "product": 3,
        "price": "1.00",
        "quantity": 1,
        "comment": ""
    }
},
{
    "model": "orders.orderitem",
    "pk": 52,
    "fields": {
        "author": [
            "admin"
        ],
        "order": 34,
        "product": 3,
        "price": "1.00",
        "quantity": 1,
        "comment": ""
    }
},
{
    "model": "orders.orderitem",
    "pk": 53,
    "fields": {
        "author": [
            "admin"
        ],
        "order": 35,
        "product": 4,
        "price": "2.00",
        "quantity": 1,
        "comment": ""
    }
},
{
    "model": "orders.orderitem",
    "pk": 54,
    "fields": {
        "author": [
            "admin"
        ],
        "order": 36,
        "product": 4,
        "price": "2.00",
        "quantity": 1,
        "comment": ""
    }
},
{
    "model": "orders.orderitem",
    "pk": 55,
    "fields": {
        "author": [
            "admin"
        ],
        "order": 38,
        "product": 3,
        "price": "1.00",
        "quantity": 1,
        "comment": ""
    }
},
{
    "model": "orders.orderitem",
    "pk": 56,
    "fields": {
        "author": [
            "admin"
        ],
        "order": 39,
        "product": 6,
        "price": "3.00",
        "quantity": 5,
        "comment": ""
    }
},
{
    "model": "orders.orderitem",
    "pk": 57,
    "fields": {
        "author": [
            "admin"
        ],
        "order": 40,
        "product": 6,
        "price": "3.00",
        "quantity": 5,
        "comment": ""
    }
},
{
    "model": "orders.orderitem",
    "pk": 58,
    "fields": {
        "author": [
            "admin"
        ],
        "order": 41,
        "product": 6,
        "price": "3.00",
        "quantity": 5,
        "comment": ""
    }
},
{
    "model": "orders.orderitem",
    "pk": 59,
    "fields": {
        "author": [
            "admin"
        ],
        "order": 42,
        "product": 3,
        "price": "1.00",
        "quantity": 1,
        "comment": ""
    }
},
{
    "model": "orders.orderitem",
    "pk": 65,
    "fields": {
        "author": [
            "admin"
        ],
        "order": 50,
        "product": 2,
        "price": "1.00",
        "quantity": 5,
        "comment": ""
    }
},
{
    "model": "orders.orderitem",
    "pk": 66,
    "fields": {
        "author": [
            "admin"
        ],
        "order": 51,
        "product": 2,
        "price": "1.00",
        "quantity": 5,
        "comment": ""
    }
},
{
    "model": "orders.orderitem",
    "pk": 67,
    "fields": {
        "author": [
            "admin"
        ],
        "order": 52,
        "product": 2,
        "price": "1.00",
        "quantity": 5,
        "comment": "This product is fairly good."
    }
},
{
    "model": "orders.orderitem",
    "pk": 68,
    "fields": {
        "author": [
            "admin"
        ],
        "order": 53,
        "product": 4,
        "price": "2.00",
        "quantity": 7,
        "comment": ""
    }
},
{
    "model": "orders.orderitem",
    "pk": 69,
    "fields": {
        "author": [
            "admin"
        ],
        "order": 54,
        "product": 3,
        "price": "1.00",
        "quantity": 1,
        "comment": ""
    }
},
{
    "model": "orders.orderitem",
    "pk": 70,
    "fields": {
        "author": [
            "admin"
        ],
        "order": 55,
        "product": 3,
        "price": "1.00",
        "quantity": 1,
        "comment": ""
    }
},
{
    "model": "orders.orderitem",
    "pk": 71,
    "fields": {
        "author": [
            "admin"
        ],
        "order": 56,
        "product": 7,
        "price": "222.00",
        "quantity": 2,
        "comment": ""
    }
},
{
    "model": "orders.orderitem",
    "pk": 72,
    "fields": {
        "author": [
            "huylee"
        ],
        "order": 56,
        "product": 6,
        "price": "333.00",
        "quantity": 1,
        "comment": ""
    }
},
{
    "model": "orders.orderitem",
    "pk": 73,
    "fields": {
        "author": [
            "wayne4989"
        ],
        "order": 57,
        "product": 12,
        "price": "66.00",
        "quantity": 2,
        "comment": ""
    }
},
{
    "model": "orders.orderitem",
    "pk": 74,
    "fields": {
        "author": [
            "wayne4989"
        ],
        "order": 58,
        "product": 12,
        "price": "66.00",
        "quantity": 2,
        "comment": ""
    }
},
{
    "model": "orders.orderitem",
    "pk": 75,
    "fields": {
        "author": [
            "wayne4989"
        ],
        "order": 59,
        "product": 8,
        "price": "2.50",
        "quantity": 1,
        "comment": ""
    }
},
{
    "model": "orders.orderitem",
    "pk": 76,
    "fields": {
        "author": [
            "wayne4989"
        ],
        "order": 61,
        "product": 8,
        "price": "2.50",
        "quantity": 1,
        "comment": ""
    }
},
{
    "model": "orders.orderitem",
    "pk": 77,
    "fields": {
        "author": [
            "wayne4989"
        ],
        "order": 62,
        "product": 12,
        "price": "66.00",
        "quantity": 1,
        "comment": ""
    }
},
{
    "model": "orders.orderitem",
    "pk": 78,
    "fields": {
        "author": [
            "wayne4989"
        ],
        "order": 63,
        "product": 4,
        "price": "2.00",
        "quantity": 1,
        "comment": ""
    }
},
{
    "model": "orders.orderitem",
    "pk": 79,
    "fields": {
        "author": [
            "wayne4989"
        ],
        "order": 64,
        "product": 4,
        "price": "2.00",
        "quantity": 1,
        "comment": ""
    }
},
{
    "model": "orders.orderitem",
    "pk": 80,
    "fields": {
        "author": [
            "wayne4989"
        ],
        "order": 65,
        "product": 4,
        "price": "2.00",
        "quantity": 1,
        "comment": ""
    }
},
{
    "model": "orders.orderitem",
    "pk": 81,
    "fields": {
        "author": [
            "wayne4989"
        ],
        "order": 66,
        "product": 4,
        "price": "2.00",
        "quantity": 1,
        "comment": ""
    }
},
{
    "model": "orders.orderitem",
    "pk": 82,
    "fields": {
        "author": [
            "wayne4989"
        ],
        "order": 67,
        "product": 4,
        "price": "2.00",
        "quantity": 1,
        "comment": ""
    }
},
{
    "model": "orders.orderitem",
    "pk": 83,
    "fields": {
        "author": [
            "wayne4989"
        ],
        "order": 68,
        "product": 4,
        "price": "2.00",
        "quantity": 1,
        "comment": ""
    }
},
{
    "model": "orders.orderitem",
    "pk": 84,
    "fields": {
        "author": [
            "wayne4989"
        ],
        "order": 69,
        "product": 4,
        "price": "2.00",
        "quantity": 1,
        "comment": ""
    }
},
{
    "model": "orders.orderitem",
    "pk": 85,
    "fields": {
        "author": [
            "wayne4989"
        ],
        "order": 70,
        "product": 2,
        "price": "1.00",
        "quantity": 1,
        "comment": ""
    }
},
{
    "model": "orders.orderitem",
    "pk": 86,
    "fields": {
        "author": [
            "wayne4989"
        ],
        "order": 72,
        "product": 8,
        "price": "2.50",
        "quantity": 1,
        "comment": ""
    }
},
{
    "model": "orders.orderitem",
    "pk": 87,
    "fields": {
        "author": [
            "wayne4989"
        ],
        "order": 73,
        "product": 4,
        "price": "2.00",
        "quantity": 1,
        "comment": ""
    }
},
{
    "model": "orders.orderitem",
    "pk": 88,
    "fields": {
        "author": [
            "white"
        ],
        "order": 74,
        "product": 3,
        "price": "1.00",
        "quantity": 1,
        "comment": ""
    }
},
{
    "model": "orders.orderitem",
    "pk": 89,
    "fields": {
        "author": [
            "white"
        ],
        "order": 75,
        "product": 3,
        "price": "1.00",
        "quantity": 2,
        "comment": ""
    }
},
{
    "model": "orders.orderitem",
    "pk": 90,
    "fields": {
        "author": [
            "white"
        ],
        "order": 76,
        "product": 6,
        "price": "3.00",
        "quantity": 1,
        "comment": ""
    }
},
{
    "model": "orders.orderitem",
    "pk": 91,
    "fields": {
        "author": [
            "white"
        ],
        "order": 77,
        "product": 6,
        "price": "3.00",
        "quantity": 2,
        "comment": ""
    }
},
{
    "model": "orders.orderitem",
    "pk": 92,
    "fields": {
        "author": [
            "white"
        ],
        "order": 78,
        "product": 6,
        "price": "3.00",
        "quantity": 3,
        "comment": ""
    }
},
{
    "model": "support.chat",
    "pk": 1,
    "fields": {
        "name": [
            "Tester"
        ],
        "started": "2019-02-02T07:53:07.326Z",
        "ended": null
    }
},
{
    "model": "support.chat",
    "pk": 2,
    "fields": {
        "name": [
            "admin"
        ],
        "started": "2019-02-03T05:57:27.329Z",
        "ended": null
    }
},
{
    "model": "support.chat",
    "pk": 3,
    "fields": {
        "name": [
            "simba"
        ],
        "started": "2019-03-06T01:01:42.088Z",
        "ended": null
    }
},
{
    "model": "support.chat",
    "pk": 4,
    "fields": {
        "name": [
            "sxg"
        ],
        "started": "2019-05-02T16:35:05.293Z",
        "ended": null
    }
},
{
    "model": "support.chatmessage",
    "pk": 1,
    "fields": {
        "chat": 2,
        "name": [
            "admin"
        ],
        "admin": false,
        "message": "hi",
        "sent": "2019-02-03T05:57:46.393Z",
        "read": true
    }
},
{
    "model": "support.chatmessage",
    "pk": 2,
    "fields": {
        "chat": 2,
        "name": [
            "admin"
        ],
        "admin": false,
        "message": "hh\u00e4",
        "sent": "2019-02-03T05:57:53.937Z",
        "read": true
    }
},
{
    "model": "support.chatmessage",
    "pk": 3,
    "fields": {
        "chat": 2,
        "name": [
            "admin"
        ],
        "admin": false,
        "message": "hi",
        "sent": "2019-05-02T16:16:21.901Z",
        "read": true
    }
},
{
    "model": "support.chatmessage",
    "pk": 4,
    "fields": {
        "chat": 4,
        "name": [
            "sxg"
        ],
        "admin": false,
        "message": "hi",
        "sent": "2019-05-02T16:38:23.895Z",
        "read": true
    }
},
{
    "model": "support.chatmessage",
    "pk": 5,
    "fields": {
        "chat": 4,
        "name": [
            "admin"
        ],
        "admin": true,
        "message": "hi",
        "sent": "2019-05-02T16:38:25.452Z",
        "read": true
    }
},
{
    "model": "support.chatmessage",
    "pk": 6,
    "fields": {
        "chat": 4,
        "name": [
            "sxg"
        ],
        "admin": false,
        "message": "hello",
        "sent": "2019-05-02T17:55:37.891Z",
        "read": true
    }
},
{
    "model": "support.chatmessage",
    "pk": 7,
    "fields": {
        "chat": 4,
        "name": [
            "sxg"
        ],
        "admin": false,
        "message": "jfalsjdflasdf asdfadsf sdf asd fas df sadf asd fds f sadf as dfds f asf ds . ds dsf sd fds f asdg sadf as f sdf asdf s df sdf asdf asd fs df asdf sadf sdaf dsf",
        "sent": "2019-05-02T17:58:00.626Z",
        "read": true
    }
},
{
    "model": "support.chatmessage",
    "pk": 8,
    "fields": {
        "chat": 4,
        "name": [
            "sxg"
        ],
        "admin": false,
        "message": "jfalsjdflasdf asdfadsf sdf asd fas df sadf asd fds f sadf as dfds f asf ds . ds dsf sd fds f asdg sadf as f sdf asdf s df sdf asdf asd fs df asdf sadf sdaf dsfdsdsf asd fds f asdf asdf asd f adsf asdf as fds af",
        "sent": "2019-05-02T17:58:10.423Z",
        "read": true
    }
},
{
    "model": "support.chatmessage",
    "pk": 9,
    "fields": {
        "chat": 4,
        "name": [
            "sxg"
        ],
        "admin": false,
        "message": "adsfadsf",
        "sent": "2019-05-02T18:34:26.319Z",
        "read": true
    }
},
{
    "model": "support.chatmessage",
    "pk": 10,
    "fields": {
        "chat": 4,
        "name": [
            "sxg"
        ],
        "admin": false,
        "message": "asdfasdfsadg",
        "sent": "2019-05-02T18:34:30.359Z",
        "read": true
    }
},
{
    "model": "support.chatmessage",
    "pk": 11,
    "fields": {
        "chat": 4,
        "name": [
            "sxg"
        ],
        "admin": false,
        "message": "asdfasdfsadg",
        "sent": "2019-05-02T18:34:30.899Z",
        "read": true
    }
},
{
    "model": "support.chatmessage",
    "pk": 12,
    "fields": {
        "chat": 4,
        "name": [
            "sxg"
        ],
        "admin": false,
        "message": "asdfasdfsadg",
        "sent": "2019-05-02T18:34:31.948Z",
        "read": true
    }
},
{
    "model": "support.chatmessage",
    "pk": 13,
    "fields": {
        "chat": 4,
        "name": [
            "sxg"
        ],
        "admin": false,
        "message": "jfalsjdflasdf asdfadsf sdf asd fas df sadf asd fds f sadf as dfds f asf ds . ds dsf sd fds f asdg sadf as f sdf asdf s df sdf asdf asd fs df asdf sadf sdaf dsfdsdsf asd fds f asdf asdf asd f adsf asdf as fds af",
        "sent": "2019-05-02T18:37:57.530Z",
        "read": true
    }
},
{
    "model": "support.chatmessage",
    "pk": 14,
    "fields": {
        "chat": 4,
        "name": [
            "sxg"
        ],
        "admin": false,
        "message": "Nice to meet you.",
        "sent": "2019-05-03T16:49:25.974Z",
        "read": true
    }
},
{
    "model": "support.chatmessage",
    "pk": 15,
    "fields": {
        "chat": 4,
        "name": [
            "sxg"
        ],
        "admin": false,
        "message": "Hi, nice to meet you.",
        "sent": "2019-05-03T16:54:13.475Z",
        "read": true
    }
},
{
    "model": "support.chatmessage",
    "pk": 16,
    "fields": {
        "chat": 4,
        "name": [
            "sxg"
        ],
        "admin": false,
        "message": "I am new here.",
        "sent": "2019-05-03T16:58:02.116Z",
        "read": true
    }
},
{
    "model": "support.chatmessage",
    "pk": 17,
    "fields": {
        "chat": 4,
        "name": [
            "sxg"
        ],
        "admin": false,
        "message": "hi nice to met you.",
        "sent": "2019-05-03T17:01:30.496Z",
        "read": true
    }
},
{
    "model": "support.chatmessage",
    "pk": 18,
    "fields": {
        "chat": 4,
        "name": [
            "sxg"
        ],
        "admin": false,
        "message": "No response?",
        "sent": "2019-05-03T17:05:39.225Z",
        "read": true
    }
},
{
    "model": "support.ticket",
    "pk": 1,
    "fields": {
        "sub_title": "Hi",
        "sub_description": "Hi nice to meet you.",
        "name": [
            "sxg"
        ],
        "state": false,
        "admin": false,
        "sent": "2019-05-02T16:35:33.010Z"
    }
},
{
    "model": "support.ticketreply",
    "pk": 1,
    "fields": {
        "sub_description": "ok. got it",
        "ticket": 1,
        "admin": true,
        "sent": "2019-05-02T16:35:36.214Z"
    }
},
{
    "model": "support.ticketreply",
    "pk": 2,
    "fields": {
        "sub_description": "plz resolve as soon as possible.",
        "ticket": 1,
        "admin": false,
        "sent": "2019-05-02T16:46:37.594Z"
    }
},
{
    "model": "support.ticketreply",
    "pk": 3,
    "fields": {
        "sub_description": "sure",
        "ticket": 1,
        "admin": true,
        "sent": "2019-05-03T16:45:23.235Z"
    }
},
{
    "model": "support.ticketreply",
    "pk": 4,
    "fields": {
        "sub_description": "Not solved yet.",
        "ticket": 1,
        "admin": false,
        "sent": "2019-05-03T05:24:35.729Z"
    }
},
{
    "model": "support.ticketreply",
    "pk": 5,
    "fields": {
        "sub_description": "sdfasdfdsaf",
        "ticket": 1,
        "admin": false,
        "sent": "2019-05-03T05:24:39.484Z"
    }
},
{
    "model": "support.ticketreply",
    "pk": 6,
    "fields": {
        "sub_description": "asdfasdfadsfdsf",
        "ticket": 1,
        "admin": false,
        "sent": "2019-05-03T05:24:41.981Z"
    }
},
{
    "model": "support.ticketreply",
    "pk": 7,
    "fields": {
        "sub_description": "I understand.",
        "ticket": 1,
        "admin": false,
        "sent": "2019-05-03T11:10:33.523Z"
    }
},
{
    "model": "support.ticketreply",
    "pk": 8,
    "fields": {
        "sub_description": "Got it.",
        "ticket": 1,
        "admin": false,
        "sent": "2019-05-03T11:12:37.360Z"
    }
},
{
    "model": "support.ticketreply",
    "pk": 9,
    "fields": {
        "sub_description": "Got it.",
        "ticket": 1,
        "admin": true,
        "sent": "2019-05-03T11:12:55.104Z"
    }
},
{
    "model": "avatar.avatar",
    "pk": 1,
    "fields": {
        "user": [
            "admin"
        ],
        "primary": true,
        "avatar": "avatars/admin/Untitled.png",
        "date_uploaded": "2019-04-30T19:15:22.803Z"
    }
},
{
    "model": "avatar.avatar",
    "pk": 2,
    "fields": {
        "user": [
            "sxg"
        ],
        "primary": true,
        "avatar": "avatars/sxg/1.jpg",
        "date_uploaded": "2019-05-03T05:25:12.173Z"
    }
},
{
    "model": "star_ratings.userrating",
    "pk": 19,
    "fields": {
        "created": "2019-04-29T11:30:15.057Z",
        "modified": "2019-04-29T11:30:30.481Z",
        "user": [
            "admin"
        ],
        "ip": "127.0.0.1",
        "score": 5,
        "rating": 24
    }
},
{
    "model": "star_ratings.userrating",
    "pk": 20,
    "fields": {
        "created": "2019-04-29T11:42:21.709Z",
        "modified": "2019-04-29T11:42:21.712Z",
        "user": [
            "admin"
        ],
        "ip": "127.0.0.1",
        "score": 3,
        "rating": 25
    }
},
{
    "model": "star_ratings.userrating",
    "pk": 21,
    "fields": {
        "created": "2019-05-01T12:40:39.034Z",
        "modified": "2019-05-01T16:15:38.554Z",
        "user": [
            "admin"
        ],
        "ip": "127.0.0.1",
        "score": 3,
        "rating": 35
    }
},
{
    "model": "admin.logentry",
    "pk": 1,
    "fields": {
        "action_time": "2019-02-02T07:55:34.103Z",
        "user": [
            "admin"
        ],
        "content_type": [
            "accounts",
            "user"
        ],
        "object_id": "3",
        "object_repr": "Tester",
        "action_flag": 2,
        "change_message": "[{\"changed\": {\"fields\": [\"vendor\"]}}]"
    }
},
{
    "model": "admin.logentry",
    "pk": 2,
    "fields": {
        "action_time": "2019-02-03T08:49:41.996Z",
        "user": [
            "admin"
        ],
        "content_type": [
            "main",
            "category"
        ],
        "object_id": "5",
        "object_repr": "category 1",
        "action_flag": 1,
        "change_message": "[{\"added\": {}}]"
    }
},
{
    "model": "admin.logentry",
    "pk": 3,
    "fields": {
        "action_time": "2019-02-03T08:50:15.742Z",
        "user": [
            "admin"
        ],
        "content_type": [
            "main",
            "category"
        ],
        "object_id": "6",
        "object_repr": "category 2",
        "action_flag": 1,
        "change_message": "[{\"added\": {}}]"
    }
},
{
    "model": "admin.logentry",
    "pk": 4,
    "fields": {
        "action_time": "2019-02-03T08:50:29.959Z",
        "user": [
            "admin"
        ],
        "content_type": [
            "main",
            "category"
        ],
        "object_id": "7",
        "object_repr": "category 3",
        "action_flag": 1,
        "change_message": "[{\"added\": {}}]"
    }
},
{
    "model": "admin.logentry",
    "pk": 5,
    "fields": {
        "action_time": "2019-03-06T02:41:40.724Z",
        "user": [
            "admin"
        ],
        "content_type": [
            "accounts",
            "user"
        ],
        "object_id": "4",
        "object_repr": "simba",
        "action_flag": 2,
        "change_message": "[{\"changed\": {\"fields\": [\"admin\", \"staff\", \"vendor\"]}}]"
    }
},
{
    "model": "admin.logentry",
    "pk": 6,
    "fields": {
        "action_time": "2019-03-24T18:40:56.581Z",
        "user": [
            "admin"
        ],
        "content_type": [
            "accounts",
            "user"
        ],
        "object_id": "1",
        "object_repr": "admin",
        "action_flag": 2,
        "change_message": "[{\"changed\": {\"fields\": [\"vendor\"]}}]"
    }
},
{
    "model": "admin.logentry",
    "pk": 7,
    "fields": {
        "action_time": "2019-03-25T20:54:29.224Z",
        "user": [
            "admin"
        ],
        "content_type": [
            "star_ratings",
            "rating"
        ],
        "object_id": "1",
        "object_repr": "None",
        "action_flag": 1,
        "change_message": "[{\"added\": {}}]"
    }
},
{
    "model": "admin.logentry",
    "pk": 8,
    "fields": {
        "action_time": "2019-03-25T20:54:48.833Z",
        "user": [
            "admin"
        ],
        "content_type": [
            "star_ratings",
            "rating"
        ],
        "object_id": "1",
        "object_repr": "None",
        "action_flag": 2,
        "change_message": "[{\"changed\": {\"fields\": [\"content_type\", \"object_id\"]}}]"
    }
},
{
    "model": "admin.logentry",
    "pk": 9,
    "fields": {
        "action_time": "2019-03-25T20:55:08.205Z",
        "user": [
            "admin"
        ],
        "content_type": [
            "star_ratings",
            "userrating"
        ],
        "object_id": "1",
        "object_repr": "admin rating 5 for None",
        "action_flag": 1,
        "change_message": "[{\"added\": {}}]"
    }
},
{
    "model": "admin.logentry",
    "pk": 10,
    "fields": {
        "action_time": "2019-03-25T20:55:51.757Z",
        "user": [
            "admin"
        ],
        "content_type": [
            "star_ratings",
            "rating"
        ],
        "object_id": "1",
        "object_repr": "None",
        "action_flag": 2,
        "change_message": "[{\"changed\": {\"fields\": [\"count\", \"content_type\", \"object_id\"]}}]"
    }
},
{
    "model": "admin.logentry",
    "pk": 11,
    "fields": {
        "action_time": "2019-03-25T20:59:48.889Z",
        "user": [
            "admin"
        ],
        "content_type": [
            "star_ratings",
            "rating"
        ],
        "object_id": "1",
        "object_repr": "tor shop",
        "action_flag": 2,
        "change_message": "[{\"changed\": {\"fields\": [\"content_type\", \"object_id\"]}}]"
    }
},
{
    "model": "admin.logentry",
    "pk": 12,
    "fields": {
        "action_time": "2019-03-25T21:23:31.516Z",
        "user": [
            "admin"
        ],
        "content_type": [
            "star_ratings",
            "rating"
        ],
        "object_id": "1",
        "object_repr": "PRODUCT-2 REVENUE",
        "action_flag": 2,
        "change_message": "[{\"changed\": {\"fields\": [\"object_id\"]}}]"
    }
},
{
    "model": "admin.logentry",
    "pk": 13,
    "fields": {
        "action_time": "2019-03-30T16:55:46.592Z",
        "user": [
            "admin"
        ],
        "content_type": [
            "accounts",
            "vendorterm"
        ],
        "object_id": "1",
        "object_repr": "VendorTerm object (1)",
        "action_flag": 1,
        "change_message": "[{\"added\": {}}]"
    }
},
{
    "model": "admin.logentry",
    "pk": 14,
    "fields": {
        "action_time": "2019-03-30T20:16:06.011Z",
        "user": [
            "admin"
        ],
        "content_type": [
            "star_ratings",
            "userrating"
        ],
        "object_id": "3",
        "object_repr": "king rating 5 for PRODUCT-2 REVENUE",
        "action_flag": 1,
        "change_message": "[{\"added\": {}}]"
    }
},
{
    "model": "admin.logentry",
    "pk": 15,
    "fields": {
        "action_time": "2019-03-30T21:44:36.883Z",
        "user": [
            "admin"
        ],
        "content_type": [
            "star_ratings",
            "rating"
        ],
        "object_id": "3",
        "object_repr": "Test Product by vendor",
        "action_flag": 1,
        "change_message": "[{\"added\": {}}]"
    }
},
{
    "model": "admin.logentry",
    "pk": 16,
    "fields": {
        "action_time": "2019-03-30T21:44:57.539Z",
        "user": [
            "admin"
        ],
        "content_type": [
            "star_ratings",
            "rating"
        ],
        "object_id": "4",
        "object_repr": "Test Product by vendor",
        "action_flag": 1,
        "change_message": "[{\"added\": {}}]"
    }
},
{
    "model": "admin.logentry",
    "pk": 17,
    "fields": {
        "action_time": "2019-03-30T21:45:18.867Z",
        "user": [
            "admin"
        ],
        "content_type": [
            "star_ratings",
            "rating"
        ],
        "object_id": "5",
        "object_repr": "Test Product by vendor",
        "action_flag": 1,
        "change_message": "[{\"added\": {}}]"
    }
},
{
    "model": "admin.logentry",
    "pk": 18,
    "fields": {
        "action_time": "2019-03-30T21:45:33.504Z",
        "user": [
            "admin"
        ],
        "content_type": [
            "star_ratings",
            "rating"
        ],
        "object_id": "6",
        "object_repr": "tor shop",
        "action_flag": 1,
        "change_message": "[{\"added\": {}}]"
    }
},
{
    "model": "admin.logentry",
    "pk": 19,
    "fields": {
        "action_time": "2019-03-30T21:46:00.033Z",
        "user": [
            "admin"
        ],
        "content_type": [
            "star_ratings",
            "userrating"
        ],
        "object_id": "4",
        "object_repr": "Tester rating 5 for Test Product by vendor",
        "action_flag": 1,
        "change_message": "[{\"added\": {}}]"
    }
},
{
    "model": "admin.logentry",
    "pk": 20,
    "fields": {
        "action_time": "2019-03-30T21:46:13.675Z",
        "user": [
            "admin"
        ],
        "content_type": [
            "star_ratings",
            "userrating"
        ],
        "object_id": "5",
        "object_repr": "Tester rating 5 for Test Product by vendor",
        "action_flag": 1,
        "change_message": "[{\"added\": {}}]"
    }
},
{
    "model": "admin.logentry",
    "pk": 21,
    "fields": {
        "action_time": "2019-03-30T21:46:24.517Z",
        "user": [
            "admin"
        ],
        "content_type": [
            "star_ratings",
            "userrating"
        ],
        "object_id": "6",
        "object_repr": "Tester rating 5 for Test Product by vendor",
        "action_flag": 1,
        "change_message": "[{\"added\": {}}]"
    }
},
{
    "model": "admin.logentry",
    "pk": 22,
    "fields": {
        "action_time": "2019-03-30T21:46:35.397Z",
        "user": [
            "admin"
        ],
        "content_type": [
            "star_ratings",
            "userrating"
        ],
        "object_id": "7",
        "object_repr": "Tester rating 5 for tor shop",
        "action_flag": 1,
        "change_message": "[{\"added\": {}}]"
    }
},
{
    "model": "admin.logentry",
    "pk": 23,
    "fields": {
        "action_time": "2019-04-19T15:02:48.640Z",
        "user": [
            "admin"
        ],
        "content_type": [
            "accounts",
            "user"
        ],
        "object_id": "9",
        "object_repr": "saadelkheety",
        "action_flag": 2,
        "change_message": "[{\"changed\": {\"fields\": [\"pgp_key\"]}}]"
    }
},
{
    "model": "admin.logentry",
    "pk": 24,
    "fields": {
        "action_time": "2019-04-19T15:31:51.110Z",
        "user": [
            "admin"
        ],
        "content_type": [
            "accounts",
            "vendorterm"
        ],
        "object_id": "1",
        "object_repr": "VendorTerm object (1)",
        "action_flag": 2,
        "change_message": "[]"
    }
},
{
    "model": "admin.logentry",
    "pk": 25,
    "fields": {
        "action_time": "2019-04-19T15:32:25.175Z",
        "user": [
            "admin"
        ],
        "content_type": [
            "accounts",
            "vendorterm"
        ],
        "object_id": "1",
        "object_repr": "VendorTerm object (1)",
        "action_flag": 2,
        "change_message": "[]"
    }
},
{
    "model": "admin.logentry",
    "pk": 26,
    "fields": {
        "action_time": "2019-04-19T23:31:08.472Z",
        "user": [
            "admin"
        ],
        "content_type": [
            "accounts",
            "vendorterm"
        ],
        "object_id": "5",
        "object_repr": "VendorTerm object (5)",
        "action_flag": 3,
        "change_message": ""
    }
},
{
    "model": "admin.logentry",
    "pk": 27,
    "fields": {
        "action_time": "2019-04-19T23:31:08.867Z",
        "user": [
            "admin"
        ],
        "content_type": [
            "accounts",
            "vendorterm"
        ],
        "object_id": "4",
        "object_repr": "VendorTerm object (4)",
        "action_flag": 3,
        "change_message": ""
    }
},
{
    "model": "admin.logentry",
    "pk": 28,
    "fields": {
        "action_time": "2019-04-19T23:31:09.003Z",
        "user": [
            "admin"
        ],
        "content_type": [
            "accounts",
            "vendorterm"
        ],
        "object_id": "3",
        "object_repr": "VendorTerm object (3)",
        "action_flag": 3,
        "change_message": ""
    }
},
{
    "model": "admin.logentry",
    "pk": 29,
    "fields": {
        "action_time": "2019-04-19T23:31:09.555Z",
        "user": [
            "admin"
        ],
        "content_type": [
            "accounts",
            "vendorterm"
        ],
        "object_id": "2",
        "object_repr": "VendorTerm object (2)",
        "action_flag": 3,
        "change_message": ""
    }
},
{
    "model": "admin.logentry",
    "pk": 30,
    "fields": {
        "action_time": "2019-04-19T23:31:09.677Z",
        "user": [
            "admin"
        ],
        "content_type": [
            "accounts",
            "vendorterm"
        ],
        "object_id": "1",
        "object_repr": "VendorTerm object (1)",
        "action_flag": 3,
        "change_message": ""
    }
},
{
    "model": "admin.logentry",
    "pk": 31,
    "fields": {
        "action_time": "2019-04-21T05:56:58.905Z",
        "user": [
            "huylee"
        ],
        "content_type": [
            "accounts",
            "user"
        ],
        "object_id": "10",
        "object_repr": "huylee",
        "action_flag": 2,
        "change_message": "[{\"changed\": {\"fields\": [\"vendor\"]}}]"
    }
},
{
    "model": "admin.logentry",
    "pk": 32,
    "fields": {
        "action_time": "2019-04-21T06:01:47.964Z",
        "user": [
            "huylee"
        ],
        "content_type": [
            "accounts",
            "vendorterm"
        ],
        "object_id": "6",
        "object_repr": "VendorTerm object (6)",
        "action_flag": 2,
        "change_message": "[{\"changed\": {\"fields\": [\"userId\"]}}]"
    }
},
{
    "model": "admin.logentry",
    "pk": 33,
    "fields": {
        "action_time": "2019-04-21T06:03:21.294Z",
        "user": [
            "huylee"
        ],
        "content_type": [
            "django_celery_results",
            "taskresult"
        ],
        "object_id": "1",
        "object_repr": "<Task: 12 (PENDING)>",
        "action_flag": 1,
        "change_message": "[{\"added\": {}}]"
    }
},
{
    "model": "admin.logentry",
    "pk": 34,
    "fields": {
        "action_time": "2019-04-21T06:04:08.418Z",
        "user": [
            "huylee"
        ],
        "content_type": [
            "orders",
            "order"
        ],
        "object_id": "56",
        "object_repr": "Order 56",
        "action_flag": 2,
        "change_message": "[{\"added\": {\"name\": \"order item\", \"object\": \"72\"}}]"
    }
},
{
    "model": "admin.logentry",
    "pk": 35,
    "fields": {
        "action_time": "2019-04-21T06:04:58.897Z",
        "user": [
            "huylee"
        ],
        "content_type": [
            "accounts",
            "vendorterm"
        ],
        "object_id": "6",
        "object_repr": "VendorTerm object (6)",
        "action_flag": 2,
        "change_message": "[{\"changed\": {\"fields\": [\"userId\"]}}]"
    }
},
{
    "model": "admin.logentry",
    "pk": 36,
    "fields": {
        "action_time": "2019-04-21T06:10:08.065Z",
        "user": [
            "admin"
        ],
        "content_type": [
            "accounts",
            "vendorterm"
        ],
        "object_id": "7",
        "object_repr": "VendorTerm object (7)",
        "action_flag": 1,
        "change_message": "[{\"added\": {}}]"
    }
},
{
    "model": "admin.logentry",
    "pk": 37,
    "fields": {
        "action_time": "2019-04-21T06:10:14.237Z",
        "user": [
            "admin"
        ],
        "content_type": [
            "accounts",
            "vendorterm"
        ],
        "object_id": "8",
        "object_repr": "VendorTerm object (8)",
        "action_flag": 1,
        "change_message": "[{\"added\": {}}]"
    }
},
{
    "model": "admin.logentry",
    "pk": 38,
    "fields": {
        "action_time": "2019-04-21T06:10:20.249Z",
        "user": [
            "admin"
        ],
        "content_type": [
            "accounts",
            "vendorterm"
        ],
        "object_id": "9",
        "object_repr": "VendorTerm object (9)",
        "action_flag": 1,
        "change_message": "[{\"added\": {}}]"
    }
},
{
    "model": "admin.logentry",
    "pk": 39,
    "fields": {
        "action_time": "2019-04-21T06:10:26.635Z",
        "user": [
            "admin"
        ],
        "content_type": [
            "accounts",
            "vendorterm"
        ],
        "object_id": "10",
        "object_repr": "VendorTerm object (10)",
        "action_flag": 1,
        "change_message": "[{\"added\": {}}]"
    }
},
{
    "model": "admin.logentry",
    "pk": 40,
    "fields": {
        "action_time": "2019-04-21T06:10:31.901Z",
        "user": [
            "admin"
        ],
        "content_type": [
            "accounts",
            "vendorterm"
        ],
        "object_id": "11",
        "object_repr": "VendorTerm object (11)",
        "action_flag": 1,
        "change_message": "[{\"added\": {}}]"
    }
},
{
    "model": "admin.logentry",
    "pk": 41,
    "fields": {
        "action_time": "2019-04-21T06:10:36.956Z",
        "user": [
            "admin"
        ],
        "content_type": [
            "accounts",
            "vendorterm"
        ],
        "object_id": "12",
        "object_repr": "VendorTerm object (12)",
        "action_flag": 1,
        "change_message": "[{\"added\": {}}]"
    }
},
{
    "model": "admin.logentry",
    "pk": 42,
    "fields": {
        "action_time": "2019-04-21T06:10:42.140Z",
        "user": [
            "admin"
        ],
        "content_type": [
            "accounts",
            "vendorterm"
        ],
        "object_id": "13",
        "object_repr": "VendorTerm object (13)",
        "action_flag": 1,
        "change_message": "[{\"added\": {}}]"
    }
},
{
    "model": "admin.logentry",
    "pk": 43,
    "fields": {
        "action_time": "2019-04-21T06:10:48.268Z",
        "user": [
            "admin"
        ],
        "content_type": [
            "accounts",
            "vendorterm"
        ],
        "object_id": "14",
        "object_repr": "VendorTerm object (14)",
        "action_flag": 1,
        "change_message": "[{\"added\": {}}]"
    }
},
{
    "model": "admin.logentry",
    "pk": 44,
    "fields": {
        "action_time": "2019-04-21T06:10:58.054Z",
        "user": [
            "admin"
        ],
        "content_type": [
            "accounts",
            "vendorterm"
        ],
        "object_id": "15",
        "object_repr": "VendorTerm object (15)",
        "action_flag": 1,
        "change_message": "[{\"added\": {}}]"
    }
},
{
    "model": "admin.logentry",
    "pk": 45,
    "fields": {
        "action_time": "2019-04-21T06:11:07.544Z",
        "user": [
            "admin"
        ],
        "content_type": [
            "accounts",
            "vendorterm"
        ],
        "object_id": "16",
        "object_repr": "VendorTerm object (16)",
        "action_flag": 1,
        "change_message": "[{\"added\": {}}]"
    }
},
{
    "model": "admin.logentry",
    "pk": 46,
    "fields": {
        "action_time": "2019-04-21T06:13:00.121Z",
        "user": [
            "admin"
        ],
        "content_type": [
            "star_ratings",
            "userrating"
        ],
        "object_id": "11",
        "object_repr": "huylee rating 5 for Tester rating 5 for tor shop",
        "action_flag": 2,
        "change_message": "[{\"changed\": {\"fields\": [\"user\"]}}]"
    }
},
{
    "model": "admin.logentry",
    "pk": 47,
    "fields": {
        "action_time": "2019-04-21T06:14:50.234Z",
        "user": [
            "admin"
        ],
        "content_type": [
            "star_ratings",
            "userrating"
        ],
        "object_id": "11",
        "object_repr": "admin rating 5 for Tester rating 5 for tor shop",
        "action_flag": 2,
        "change_message": "[{\"changed\": {\"fields\": [\"user\"]}}]"
    }
},
{
    "model": "admin.logentry",
    "pk": 48,
    "fields": {
        "action_time": "2019-04-21T06:14:59.084Z",
        "user": [
            "admin"
        ],
        "content_type": [
            "star_ratings",
            "userrating"
        ],
        "object_id": "11",
        "object_repr": "simba rating 5 for Tester rating 5 for tor shop",
        "action_flag": 2,
        "change_message": "[{\"changed\": {\"fields\": [\"user\"]}}]"
    }
},
{
    "model": "admin.logentry",
    "pk": 49,
    "fields": {
        "action_time": "2019-05-02T16:43:03.205Z",
        "user": [
            "admin"
        ],
        "content_type": [
            "support",
            "chatmessage"
        ],
        "object_id": "5",
        "object_repr": "ChatMessage object (5)",
        "action_flag": 2,
        "change_message": "[]"
    }
}
]
